src_mac,dst_mac,srcip,dstip,sport,dport,ltime,sttl,ct_state_ttl,dttl,sbytes,dbytes,smean,dmean,rate,dur,sloss,dloss,sload,dload,ct_srv_src,ct_srv_dst,ct_dst_src_ltm,ct_src_ltm,ct_dst_ltm,proto,state,service,generic_score,predicted_class
ff:ff:ff:ff:ff:ff,00:0c:29:e1:ec:3b,10.0.0.5,10.0.0.9,1000,53,0,0,0,0,0,0,0,0,0.0,0.0,0,0,0.0,0.0,1,1,1,1,1,udp,shr,-,0,Normal
ff:ff:ff:ff:ff:ff,00:0c:29:e1:ec:3b,10.0.0.5,10.0.0.9,1001,53,0,0,0,0,0,0,0,0,0.0,0.0,0,0,0.0,0.0,2,2,2,2,2,udp,shr,-,0,Normal
ff:ff:ff:ff:ff:ff,00:0c:29:e1:ec:3b,10.0.0.5,10.0.0.9,1002,53,0,0,0,0,0,0,0,0,0.0,0.0,0,0,0.0,0.0,3,3,3,3,3,udp,shr,-,0,Normal
ff:ff:ff:ff:ff:ff,00:0c:29:e1:ec:3b,10.0.0.5,10.0.0.9,1003,53,0,0,0,0,0,0,0,0,0.0,0.0,0,0,0.0,0.0,4,4,4,4,4,udp,shr,-,0,Normal
ff:ff:ff:ff:ff:ff,00:0c:29:e1:ec:3b,10.0.0.5,10.0.0.9,1004,53,0,0,0,0,0,0,0,0,0.0,0.0,0,0,0.0,0.0,5,5,5,5,5,udp,shr,-,0,Normal
ff:ff:ff:ff:ff:ff,00:0c:29:e1:ec:3b,10.0.0.5,10.0.0.9,1005,53,0,0,0,0,0,0,0,0,0.0,0.0,0,0,0.0,0.0,6,6,6,6,6,udp,shr,-,0,Normal
ff:ff:ff:ff:ff:ff,00:0c:29:e1:ec:3b,10.0.0.5,10.0.0.9,1006,53,0,0,0,0,0,0,0,0,0.0,0.0,0,0,0.0,0.0,7,7,7,7,7,udp,shr,-,0,Normal
ff:ff:ff:ff:ff:ff,00:0c:29:e1:ec:3b,10.0.0.5,10.0.0.9,1007,53,0,0,0,0,0,0,0,0,0.0,0.0,0,0,0.0,0.0,8,8,8,8,8,udp,shr,-,0,Normal
ff:ff:ff:ff:ff:ff,00:0c:29:e1:ec:3b,10.0.0.5,10.0.0.9,1008,53,0,0,0,0,0,0,0,0,0.0,0.0,0,0,0.0,0.0,9,9,9,9,9,udp,shr,-,0,Normal
ff:ff:ff:ff:ff:ff,00:0c:29:e1:ec:3b,10.0.0.5,10.0.0.9,1009,53,0,0,0,0,0,0,0,0,0.0,0.0,0,0,0.0,0.0,10,10,10,10,10,udp,shr,-,0,Normal
ff:ff:ff:ff:ff:ff,00:0c:29:e1:ec:3b,10.0.0.5,10.0.0.9,1010,53,0,0,0,0,0,0,0,0,0.0,0.0,0,0,0.0,0.0,11,11,11,11,11,udp,shr,-,0,Normal
ff:ff:ff:ff:ff:ff,00:0c:29:e1:ec:3b,10.0.0.5,10.0.0.9,1011,53,0,0,0,0,0,0,0,0,0.0,0.0,0,0,0.0,0.0,12,12,12,12,12,udp,shr,-,0,Normal
ff:ff:ff:ff:ff:ff,00:0c:29:e1:ec:3b,10.0.0.5,10.0.0.9,1012,53,0,0,0,0,0,0,0,0,0.0,0.0,0,0,0.0,0.0,13,13,13,13,13,udp,shr,-,0,Normal
ff:ff:ff:ff:ff:ff,00:0c:29:e1:ec:3b,10.0.0.5,10.0.0.9,1013,53,0,0,0,0,0,0,0,0,0.0,0.0,0,0,0.0,0.0,14,14,14,14,14,udp,shr,-,0,Normal
ff:ff:ff:ff:ff:ff,00:0c:29:e1:ec:3b,10.0.0.5,10.0.0.9,1014,53,0,0,0,0,0,0,0,0,0.0,0.0,0,0,0.0,0.0,15,15,15,15,15,udp,shr,-,0,Normal
ff:ff:ff:ff:ff:ff,00:0c:29:e1:ec:3b,10.0.0.5,10.0.0.9,1015,53,0,0,0,0,0,0,0,0,0.0,0.0,0,0,0.0,0.0,16,16,16,16,16,udp,shr,-,0,Normal
ff:ff:ff:ff:ff:ff,00:0c:29:e1:ec:3b,10.0.0.5,10.0.0.9,1016,53,0,0,0,0,0,0,0,0,0.0,0.0,0,0,0.0,0.0,17,17,17,17,17,udp,shr,-,0,Normal
ff:ff:ff:ff:ff:ff,00:0c:29:e1:ec:3b,10.0.0.5,10.0.0.9,1017,53,0,0,0,0,0,0,0,0,0.0,0.0,0,0,0.0,0.0,18,18,18,18,18,udp,shr,-,0,Normal
ff:ff:ff:ff:ff:ff,00:0c:29:e1:ec:3b,10.0.0.5,10.0.0.9,1018,53,0,0,0,0,0,0,0,0,0.0,0.0,0,0,0.0,0.0,19,19,19,19,19,udp,shr,-,0,Normal
ff:ff:ff:ff:ff:ff,00:0c:29:e1:ec:3b,10.0.0.5,10.0.0.9,1019,53,0,0,0,0,0,0,0,0,0.0,0.0,0,0,0.0,0.0,20,20,20,20,20,udp,shr,-,0,Normal
ff:ff:ff:ff:ff:ff,00:0c:29:e1:ec:3b,10.0.0.5,10.0.0.9,1020,53,0,0,0,0,0,0,0,0,0.0,0.0,0,0,0.0,0.0,21,21,21,21,21,udp,shr,-,0,Normal
ff:ff:ff:ff:ff:ff,00:0c:29:e1:ec:3b,10.0.0.5,10.0.0.9,1021,53,0,0,0,0,0,0,0,0,0.0,0.0,0,0,0.0,0.0,22,22,22,22,22,udp,shr,-,0,Normal
ff:ff:ff:ff:ff:ff,00:0c:29:e1:ec:3b,10.0.0.5,10.0.0.9,1022,53,0,0,0,0,0,0,0,0,0.0,0.0,0,0,0.0,0.0,23,23,23,23,23,udp,shr,-,0,Normal
ff:ff:ff:ff:ff:ff,00:0c:29:e1:ec:3b,10.0.0.5,10.0.0.9,1023,53,0,0,0,0,0,0,0,0,0.0,0.0,0,0,0.0,0.0,24,24,24,24,24,udp,shr,-,0,Normal
ff:ff:ff:ff:ff:ff,00:0c:29:e1:ec:3b,10.0.0.5,10.0.0.9,1024,53,0,0,0,0,0,0,0,0,0.0,0.0,0,0,0.0,0.0,25,25,25,25,25,udp,shr,-,0,Normal
ff:ff:ff:ff:ff:ff,00:0c:29:e1:ec:3b,10.0.0.5,10.0.0.9,1025,53,0,0,0,0,0,0,0,0,0.0,0.0,0,0,0.0,0.0,26,26,26,26,26,udp,shr,-,0,Normal
ff:ff:ff:ff:ff:ff,00:0c:29:e1:ec:3b,10.0.0.5,10.0.0.9,1026,53,0,0,0,0,0,0,0,0,0.0,0.0,0,0,0.0,0.0,27,27,27,27,27,udp,shr,-,0,Normal
ff:ff:ff:ff:ff:ff,00:0c:29:e1:ec:3b,10.0.0.5,10.0.0.9,1027,53,0,0,0,0,0,0,0,0,0.0,0.0,0,0,0.0,0.0,28,28,28,28,28,udp,shr,-,0,Normal
ff:ff:ff:ff:ff:ff,00:0c:29:e1:ec:3b,10.0.0.5,10.0.0.9,1028,53,0,0,0,0,0,0,0,0,0.0,0.0,0,0,0.0,0.0,29,29,29,29,29,udp,shr,-,0,Normal
ff:ff:ff:ff:ff:ff,00:0c:29:e1:ec:3b,10.0.0.5,10.0.0.9,1029,53,0,0,0,0,0,0,0,0,0.0,0.0,0,0,0.0,0.0,30,30,30,30,30,udp,shr,-,0,Normal
ff:ff:ff:ff:ff:ff,00:0c:29:e1:ec:3b,10.0.0.5,10.0.0.9,1030,53,0,0,0,0,0,0,0,0,0.0,0.0,0,0,0.0,0.0,31,31,31,31,31,udp,shr,-,0,Normal
ff:ff:ff:ff:ff:ff,00:0c:29:e1:ec:3b,10.0.0.5,10.0.0.9,1031,53,0,0,0,0,0,0,0,0,0.0,0.0,0,0,0.0,0.0,32,32,32,32,32,udp,shr,-,0,Normal
ff:ff:ff:ff:ff:ff,00:0c:29:e1:ec:3b,10.0.0.5,10.0.0.9,1032,53,0,0,0,0,0,0,0,0,0.0,0.0,0,0,0.0,0.0,33,33,33,33,33,udp,shr,-,0,Normal
ff:ff:ff:ff:ff:ff,00:0c:29:e1:ec:3b,10.0.0.5,10.0.0.9,1033,53,0,0,0,0,0,0,0,0,0.0,0.0,0,0,0.0,0.0,34,34,34,34,34,udp,shr,-,0,Normal
ff:ff:ff:ff:ff:ff,00:0c:29:e1:ec:3b,10.0.0.5,10.0.0.9,1034,53,0,0,0,0,0,0,0,0,0.0,0.0,0,0,0.0,0.0,35,35,35,35,35,udp,shr,-,0,Normal
ff:ff:ff:ff:ff:ff,00:0c:29:e1:ec:3b,10.0.0.5,10.0.0.9,1035,53,0,0,0,0,0,0,0,0,0.0,0.0,0,0,0.0,0.0,36,36,36,36,36,udp,shr,-,0,Normal
ff:ff:ff:ff:ff:ff,00:0c:29:e1:ec:3b,10.0.0.5,10.0.0.9,1036,53,0,0,0,0,0,0,0,0,0.0,0.0,0,0,0.0,0.0,37,37,37,37,37,udp,shr,-,0,Normal
ff:ff:ff:ff:ff:ff,00:0c:29:e1:ec:3b,10.0.0.5,10.0.0.9,1037,53,0,0,0,0,0,0,0,0,0.0,0.0,0,0,0.0,0.0,38,38,38,38,38,udp,shr,-,0,Normal
ff:ff:ff:ff:ff:ff,00:0c:29:e1:ec:3b,10.0.0.5,10.0.0.9,1038,53,0,0,0,0,0,0,0,0,0.0,0.0,0,0,0.0,0.0,39,39,39,39,39,udp,shr,-,0,Normal
ff:ff:ff:ff:ff:ff,00:0c:29:e1:ec:3b,10.0.0.5,10.0.0.9,1039,53,0,0,0,0,0,0,0,0,0.0,0.0,0,0,0.0,0.0,40,40,40,40,40,udp,shr,-,0,Normal
ff:ff:ff:ff:ff:ff,00:0c:29:e1:ec:3b,10.0.0.5,10.0.0.9,1040,53,0,0,0,0,0,0,0,0,0.0,0.0,0,0,0.0,0.0,41,41,41,41,41,udp,shr,-,0,Normal
ff:ff:ff:ff:ff:ff,00:0c:29:e1:ec:3b,10.0.0.5,10.0.0.9,1041,53,0,0,0,0,0,0,0,0,0.0,0.0,0,0,0.0,0.0,42,42,42,42,42,udp,shr,-,0,Normal
ff:ff:ff:ff:ff:ff,00:0c:29:e1:ec:3b,10.0.0.5,10.0.0.9,1042,53,0,0,0,0,0,0,0,0,0.0,0.0,0,0,0.0,0.0,43,43,43,43,43,udp,shr,-,0,Normal
ff:ff:ff:ff:ff:ff,00:0c:29:e1:ec:3b,10.0.0.5,10.0.0.9,1043,53,0,0,0,0,0,0,0,0,0.0,0.0,0,0,0.0,0.0,44,44,44,44,44,udp,shr,-,0,Normal
ff:ff:ff:ff:ff:ff,00:0c:29:e1:ec:3b,10.0.0.5,10.0.0.9,1044,53,0,0,0,0,0,0,0,0,0.0,0.0,0,0,0.0,0.0,45,45,45,45,45,udp,shr,-,0,Normal
ff:ff:ff:ff:ff:ff,00:0c:29:e1:ec:3b,10.0.0.5,10.0.0.9,1045,53,0,0,0,0,0,0,0,0,0.0,0.0,0,0,0.0,0.0,46,46,46,46,46,udp,shr,-,0,Normal
ff:ff:ff:ff:ff:ff,00:0c:29:e1:ec:3b,10.0.0.5,10.0.0.9,1046,53,0,0,0,0,0,0,0,0,0.0,0.0,0,0,0.0,0.0,47,47,47,47,47,udp,shr,-,0,Normal
ff:ff:ff:ff:ff:ff,00:0c:29:e1:ec:3b,10.0.0.5,10.0.0.9,1047,53,0,0,0,0,0,0,0,0,0.0,0.0,0,0,0.0,0.0,48,48,48,48,48,udp,shr,-,0,Normal
ff:ff:ff:ff:ff:ff,00:0c:29:e1:ec:3b,10.0.0.5,10.0.0.9,1048,53,0,0,0,0,0,0,0,0,0.0,0.0,0,0,0.0,0.0,49,49,49,49,49,udp,shr,-,0,Normal
ff:ff:ff:ff:ff:ff,00:0c:29:e1:ec:3b,10.0.0.5,10.0.0.9,1049,53,0,0,0,0,0,0,0,0,0.0,0.0,0,0,0.0,0.0,50,50,50,50,50,udp,shr,-,0,Normal
ff:ff:ff:ff:ff:ff,00:0c:29:e1:ec:3b,10.0.0.5,10.0.0.9,1050,53,0,0,0,0,0,0,0,0,0.0,0.0,0,0,0.0,0.0,51,51,51,51,51,udp,shr,-,0,Normal
ff:ff:ff:ff:ff:ff,00:0c:29:e1:ec:3b,10.0.0.5,10.0.0.9,1051,53,0,0,0,0,0,0,0,0,0.0,0.0,0,0,0.0,0.0,52,52,52,52,52,udp,shr,-,0,Normal
ff:ff:ff:ff:ff:ff,00:0c:29:e1:ec:3b,10.0.0.5,10.0.0.9,1052,53,0,0,0,0,0,0,0,0,0.0,0.0,0,0,0.0,0.0,53,53,53,53,53,udp,shr,-,0,Normal
ff:ff:ff:ff:ff:ff,00:0c:29:e1:ec:3b,10.0.0.5,10.0.0.9,1053,53,0,0,0,0,0,0,0,0,0.0,0.0,0,0,0.0,0.0,54,54,54,54,54,udp,shr,-,0,Normal
ff:ff:ff:ff:ff:ff,00:0c:29:e1:ec:3b,10.0.0.5,10.0.0.9,1054,53,0,0,0,0,0,0,0,0,0.0,0.0,0,0,0.0,0.0,55,55,55,55,55,udp,shr,-,0,Normal
ff:ff:ff:ff:ff:ff,00:0c:29:e1:ec:3b,10.0.0.5,10.0.0.9,1055,53,0,0,0,0,0,0,0,0,0.0,0.0,0,0,0.0,0.0,56,56,56,56,56,udp,shr,-,0,Normal
ff:ff:ff:ff:ff:ff,00:0c:29:e1:ec:3b,10.0.0.5,10.0.0.9,1056,53,0,0,0,0,0,0,0,0,0.0,0.0,0,0,0.0,0.0,57,57,57,57,57,udp,shr,-,0,Normal
ff:ff:ff:ff:ff:ff,00:0c:29:e1:ec:3b,10.0.0.5,10.0.0.9,1057,53,0,0,0,0,0,0,0,0,0.0,0.0,0,0,0.0,0.0,58,58,58,58,58,udp,shr,-,0,Normal
ff:ff:ff:ff:ff:ff,00:0c:29:e1:ec:3b,10.0.0.5,10.0.0.9,1058,53,0,0,0,0,0,0,0,0,0.0,0.0,0,0,0.0,0.0,59,59,59,59,59,udp,shr,-,0,Normal
ff:ff:ff:ff:ff:ff,00:0c:29:e1:ec:3b,10.0.0.5,10.0.0.9,1059,53,0,0,0,0,0,0,0,0,0.0,0.0,0,0,0.0,0.0,60,60,60,60,60,udp,shr,-,0,Normal
ff:ff:ff:ff:ff:ff,00:0c:29:e1:ec:3b,10.0.0.5,10.0.0.9,1060,53,0,0,0,0,0,0,0,0,0.0,0.0,0,0,0.0,0.0,61,61,61,61,61,udp,shr,-,0,Normal
ff:ff:ff:ff:ff:ff,00:0c:29:e1:ec:3b,10.0.0.5,10.0.0.9,1061,53,0,0,0,0,0,0,0,0,0.0,0.0,0,0,0.0,0.0,62,62,62,62,62,udp,shr,-,0,Normal
ff:ff:ff:ff:ff:ff,00:0c:29:e1:ec:3b,10.0.0.5,10.0.0.9,1062,53,0,0,0,0,0,0,0,0,0.0,0.0,0,0,0.0,0.0,63,63,63,63,63,udp,shr,-,0,Normal
ff:ff:ff:ff:ff:ff,00:0c:29:e1:ec:3b,10.0.0.5,10.0.0.9,1063,53,0,0,0,0,0,0,0,0,0.0,0.0,0,0,0.0,0.0,64,64,64,64,64,udp,shr,-,0,Normal
ff:ff:ff:ff:ff:ff,00:0c:29:e1:ec:3b,10.0.0.5,10.0.0.9,1064,53,0,0,0,0,0,0,0,0,0.0,0.0,0,0,0.0,0.0,65,65,65,65,65,udp,shr,-,0,Normal
ff:ff:ff:ff:ff:ff,00:0c:29:e1:ec:3b,10.0.0.5,10.0.0.9,1065,53,0,0,0,0,0,0,0,0,0.0,0.0,0,0,0.0,0.0,66,66,66,66,66,udp,shr,-,0,Normal
ff:ff:ff:ff:ff:ff,00:0c:29:e1:ec:3b,10.0.0.5,10.0.0.9,1066,53,0,0,0,0,0,0,0,0,0.0,0.0,0,0,0.0,0.0,67,67,67,67,67,udp,shr,-,0,Normal
ff:ff:ff:ff:ff:ff,00:0c:29:e1:ec:3b,10.0.0.5,10.0.0.9,1067,53,0,0,0,0,0,0,0,0,0.0,0.0,0,0,0.0,0.0,68,68,68,68,68,udp,shr,-,0,Normal
ff:ff:ff:ff:ff:ff,00:0c:29:e1:ec:3b,10.0.0.5,10.0.0.9,1068,53,0,0,0,0,0,0,0,0,0.0,0.0,0,0,0.0,0.0,69,69,69,69,69,udp,shr,-,0,Normal
ff:ff:ff:ff:ff:ff,00:0c:29:e1:ec:3b,10.0.0.5,10.0.0.9,1069,53,0,0,0,0,0,0,0,0,0.0,0.0,0,0,0.0,0.0,70,70,70,70,70,udp,shr,-,0,Normal
ff:ff:ff:ff:ff:ff,00:0c:29:e1:ec:3b,10.0.0.5,10.0.0.9,1070,53,0,0,0,0,0,0,0,0,0.0,0.0,0,0,0.0,0.0,71,71,71,71,71,udp,shr,-,0,Normal
ff:ff:ff:ff:ff:ff,00:0c:29:e1:ec:3b,10.0.0.5,10.0.0.9,1071,53,0,0,0,0,0,0,0,0,0.0,0.0,0,0,0.0,0.0,72,72,72,72,72,udp,shr,-,0,Normal
ff:ff:ff:ff:ff:ff,00:0c:29:e1:ec:3b,10.0.0.5,10.0.0.9,1072,53,0,0,0,0,0,0,0,0,0.0,0.0,0,0,0.0,0.0,73,73,73,73,73,udp,shr,-,0,Normal
ff:ff:ff:ff:ff:ff,00:0c:29:e1:ec:3b,10.0.0.5,10.0.0.9,1073,53,0,0,0,0,0,0,0,0,0.0,0.0,0,0,0.0,0.0,74,74,74,74,74,udp,shr,-,0,Normal
ff:ff:ff:ff:ff:ff,00:0c:29:e1:ec:3b,10.0.0.5,10.0.0.9,1074,53,0,0,0,0,0,0,0,0,0.0,0.0,0,0,0.0,0.0,75,75,75,75,75,udp,shr,-,0,Normal
ff:ff:ff:ff:ff:ff,00:0c:29:e1:ec:3b,10.0.0.5,10.0.0.9,1075,53,0,0,0,0,0,0,0,0,0.0,0.0,0,0,0.0,0.0,76,76,76,76,76,udp,shr,-,0,Normal
ff:ff:ff:ff:ff:ff,00:0c:29:e1:ec:3b,10.0.0.5,10.0.0.9,1076,53,0,0,0,0,0,0,0,0,0.0,0.0,0,0,0.0,0.0,77,77,77,77,77,udp,shr,-,0,Normal
ff:ff:ff:ff:ff:ff,00:0c:29:e1:ec:3b,10.0.0.5,10.0.0.9,1077,53,0,0,0,0,0,0,0,0,0.0,0.0,0,0,0.0,0.0,78,78,78,78,78,udp,shr,-,0,Normal
ff:ff:ff:ff:ff:ff,00:0c:29:e1:ec:3b,10.0.0.5,10.0.0.9,1078,53,0,0,0,0,0,0,0,0,0.0,0.0,0,0,0.0,0.0,79,79,79,79,79,udp,shr,-,0,Normal
ff:ff:ff:ff:ff:ff,00:0c:29:e1:ec:3b,10.0.0.5,10.0.0.9,1079,53,0,0,0,0,0,0,0,0,0.0,0.0,0,0,0.0,0.0,80,80,80,80,80,udp,shr,-,0,Normal
ff:ff:ff:ff:ff:ff,00:0c:29:e1:ec:3b,10.0.0.5,10.0.0.9,1080,53,0,0,0,0,0,0,0,0,0.0,0.0,0,0,0.0,0.0,81,81,81,81,81,udp,shr,-,0,Normal
ff:ff:ff:ff:ff:ff,00:0c:29:e1:ec:3b,10.0.0.5,10.0.0.9,1081,53,0,0,0,0,0,0,0,0,0.0,0.0,0,0,0.0,0.0,82,82,82,82,82,udp,shr,-,0,Normal
ff:ff:ff:ff:ff:ff,00:0c:29:e1:ec:3b,10.0.0.5,10.0.0.9,1082,53,0,0,0,0,0,0,0,0,0.0,0.0,0,0,0.0,0.0,83,83,83,83,83,udp,shr,-,0,Normal
ff:ff:ff:ff:ff:ff,00:0c:29:e1:ec:3b,10.0.0.5,10.0.0.9,1083,53,0,0,0,0,0,0,0,0,0.0,0.0,0,0,0.0,0.0,84,84,84,84,84,udp,shr,-,0,Normal
ff:ff:ff:ff:ff:ff,00:0c:29:e1:ec:3b,10.0.0.5,10.0.0.9,1084,53,0,0,0,0,0,0,0,0,0.0,0.0,0,0,0.0,0.0,85,85,85,85,85,udp,shr,-,0,Normal
ff:ff:ff:ff:ff:ff,00:0c:29:e1:ec:3b,10.0.0.5,10.0.0.9,1085,53,0,0,0,0,0,0,0,0,0.0,0.0,0,0,0.0,0.0,86,86,86,86,86,udp,shr,-,0,Normal
ff:ff:ff:ff:ff:ff,00:0c:29:e1:ec:3b,10.0.0.5,10.0.0.9,1086,53,0,0,0,0,0,0,0,0,0.0,0.0,0,0,0.0,0.0,87,87,87,87,87,udp,shr,-,0,Normal
ff:ff:ff:ff:ff:ff,00:0c:29:e1:ec:3b,10.0.0.5,10.0.0.9,1087,53,0,0,0,0,0,0,0,0,0.0,0.0,0,0,0.0,0.0,88,88,88,88,88,udp,shr,-,0,Normal
ff:ff:ff:ff:ff:ff,00:0c:29:e1:ec:3b,10.0.0.5,10.0.0.9,1088,53,0,0,0,0,0,0,0,0,0.0,0.0,0,0,0.0,0.0,89,89,89,89,89,udp,shr,-,0,Normal
ff:ff:ff:ff:ff:ff,00:0c:29:e1:ec:3b,10.0.0.5,10.0.0.9,1089,53,0,0,0,0,0,0,0,0,0.0,0.0,0,0,0.0,0.0,90,90,90,90,90,udp,shr,-,0,Normal
ff:ff:ff:ff:ff:ff,00:0c:29:e1:ec:3b,10.0.0.5,10.0.0.9,1090,53,0,0,0,0,0,0,0,0,0.0,0.0,0,0,0.0,0.0,91,91,91,91,91,udp,shr,-,0,Normal
ff:ff:ff:ff:ff:ff,00:0c:29:e1:ec:3b,10.0.0.5,10.0.0.9,1091,53,0,0,0,0,0,0,0,0,0.0,0.0,0,0,0.0,0.0,92,92,92,92,92,udp,shr,-,0,Normal
ff:ff:ff:ff:ff:ff,00:0c:29:e1:ec:3b,10.0.0.5,10.0.0.9,1092,53,0,0,0,0,0,0,0,0,0.0,0.0,0,0,0.0,0.0,93,93,93,93,93,udp,shr,-,0,Normal
ff:ff:ff:ff:ff:ff,00:0c:29:e1:ec:3b,10.0.0.5,10.0.0.9,1093,53,0,0,0,0,0,0,0,0,0.0,0.0,0,0,0.0,0.0,94,94,94,94,94,udp,shr,-,0,Normal
ff:ff:ff:ff:ff:ff,00:0c:29:e1:ec:3b,10.0.0.5,10.0.0.9,1094,53,0,0,0,0,0,0,0,0,0.0,0.0,0,0,0.0,0.0,95,95,95,95,95,udp,shr,-,0,Normal
ff:ff:ff:ff:ff:ff,00:0c:29:e1:ec:3b,10.0.0.5,10.0.0.9,1095,53,0,0,0,0,0,0,0,0,0.0,0.0,0,0,0.0,0.0,96,96,96,96,96,udp,shr,-,0,Normal
ff:ff:ff:ff:ff:ff,00:0c:29:e1:ec:3b,10.0.0.5,10.0.0.9,1096,53,0,0,0,0,0,0,0,0,0.0,0.0,0,0,0.0,0.0,97,97,97,97,97,udp,shr,-,0,Normal
ff:ff:ff:ff:ff:ff,00:0c:29:e1:ec:3b,10.0.0.5,10.0.0.9,1097,53,0,0,0,0,0,0,0,0,0.0,0.0,0,0,0.0,0.0,98,98,98,98,98,udp,shr,-,0,Normal
ff:ff:ff:ff:ff:ff,00:0c:29:e1:ec:3b,10.0.0.5,10.0.0.9,1098,53,0,0,0,0,0,0,0,0,0.0,0.0,0,0,0.0,0.0,99,99,99,99,99,udp,shr,-,0,Normal
ff:ff:ff:ff:ff:ff,00:0c:29:e1:ec:3b,10.0.0.5,10.0.0.9,1099,53,0,0,0,0,0,0,0,0,0.0,0.0,0,0,0.0,0.0,100,100,100,100,100,udp,shr,-,0,Normal
ff:ff:ff:ff:ff:ff,00:0c:29:e1:ec:3b,10.0.0.5,10.0.0.9,1100,53,0,0,0,0,0,0,0,0,0.0,0.0,0,0,0.0,0.0,100,100,100,100,100,udp,shr,-,0,Normal
ff:ff:ff:ff:ff:ff,00:0c:29:e1:ec:3b,10.0.0.5,10.0.0.9,1101,53,0,0,0,0,0,0,0,0,0.0,0.0,0,0,0.0,0.0,100,100,100,100,100,udp,shr,-,0,Normal
ff:ff:ff:ff:ff:ff,00:0c:29:e1:ec:3b,10.0.0.5,10.0.0.9,1102,53,0,0,0,0,0,0,0,0,0.0,0.0,0,0,0.0,0.0,100,100,100,100,100,udp,shr,-,0,Normal
ff:ff:ff:ff:ff:ff,00:0c:29:e1:ec:3b,10.0.0.5,10.0.0.9,1103,53,0,0,0,0,0,0,0,0,0.0,0.0,0,0,0.0,0.0,100,100,100,100,100,udp,shr,-,0,Normal
ff:ff:ff:ff:ff:ff,00:0c:29:e1:ec:3b,10.0.0.5,10.0.0.9,1104,53,0,0,0,0,0,0,0,0,0.0,0.0,0,0,0.0,0.0,100,100,100,100,100,udp,shr,-,0,Normal
ff:ff:ff:ff:ff:ff,00:0c:29:e1:ec:3b,10.0.0.5,10.0.0.9,1105,53,0,0,0,0,0,0,0,0,0.0,0.0,0,0,0.0,0.0,100,100,100,100,100,udp,shr,-,0,Normal
ff:ff:ff:ff:ff:ff,00:0c:29:e1:ec:3b,10.0.0.5,10.0.0.9,1106,53,0,0,0,0,0,0,0,0,0.0,0.0,0,0,0.0,0.0,100,100,100,100,100,udp,shr,-,0,Normal
ff:ff:ff:ff:ff:ff,00:0c:29:e1:ec:3b,10.0.0.5,10.0.0.9,1107,53,0,0,0,0,0,0,0,0,0.0,0.0,0,0,0.0,0.0,100,100,100,100,100,udp,shr,-,0,Normal
ff:ff:ff:ff:ff:ff,00:0c:29:e1:ec:3b,10.0.0.5,10.0.0.9,1108,53,0,0,0,0,0,0,0,0,0.0,0.0,0,0,0.0,0.0,100,100,100,100,100,udp,shr,-,0,Normal
ff:ff:ff:ff:ff:ff,00:0c:29:e1:ec:3b,10.0.0.5,10.0.0.9,1109,53,0,0,0,0,0,0,0,0,0.0,0.0,0,0,0.0,0.0,100,100,100,100,100,udp,shr,-,0,Normal
ff:ff:ff:ff:ff:ff,00:0c:29:e1:ec:3b,10.0.0.5,10.0.0.9,1110,53,0,0,0,0,0,0,0,0,0.0,0.0,0,0,0.0,0.0,100,100,100,100,100,udp,shr,-,0,Normal
ff:ff:ff:ff:ff:ff,00:0c:29:e1:ec:3b,10.0.0.5,10.0.0.9,1111,53,0,0,0,0,0,0,0,0,0.0,0.0,0,0,0.0,0.0,100,100,100,100,100,udp,shr,-,0,Normal
ff:ff:ff:ff:ff:ff,00:0c:29:e1:ec:3b,10.0.0.5,10.0.0.9,1112,53,0,0,0,0,0,0,0,0,0.0,0.0,0,0,0.0,0.0,100,100,100,100,100,udp,shr,-,0,Normal
ff:ff:ff:ff:ff:ff,00:0c:29:e1:ec:3b,10.0.0.5,10.0.0.9,1113,53,0,0,0,0,0,0,0,0,0.0,0.0,0,0,0.0,0.0,100,100,100,100,100,udp,shr,-,0,Normal
ff:ff:ff:ff:ff:ff,00:0c:29:e1:ec:3b,10.0.0.5,10.0.0.9,1114,53,0,0,0,0,0,0,0,0,0.0,0.0,0,0,0.0,0.0,100,100,100,100,100,udp,shr,-,0,Normal
ff:ff:ff:ff:ff:ff,00:0c:29:e1:ec:3b,10.0.0.5,10.0.0.9,1115,53,0,0,0,0,0,0,0,0,0.0,0.0,0,0,0.0,0.0,100,100,100,100,100,udp,shr,-,0,Normal
ff:ff:ff:ff:ff:ff,00:0c:29:e1:ec:3b,10.0.0.5,10.0.0.9,1116,53,0,0,0,0,0,0,0,0,0.0,0.0,0,0,0.0,0.0,100,100,100,100,100,udp,shr,-,0,Normal
ff:ff:ff:ff:ff:ff,00:0c:29:e1:ec:3b,10.0.0.5,10.0.0.9,1117,53,0,0,0,0,0,0,0,0,0.0,0.0,0,0,0.0,0.0,100,100,100,100,100,udp,shr,-,0,Normal
ff:ff:ff:ff:ff:ff,00:0c:29:e1:ec:3b,10.0.0.5,10.0.0.9,1118,53,0,0,0,0,0,0,0,0,0.0,0.0,0,0,0.0,0.0,100,100,100,100,100,udp,shr,-,0,Normal
ff:ff:ff:ff:ff:ff,00:0c:29:e1:ec:3b,10.0.0.5,10.0.0.9,1119,53,0,0,0,0,0,0,0,0,0.0,0.0,0,0,0.0,0.0,100,100,100,100,100,udp,shr,-,0,Normal
ff:ff:ff:ff:ff:ff,00:0c:29:e1:ec:3b,10.0.0.5,10.0.0.9,1120,53,0,0,0,0,0,0,0,0,0.0,0.0,0,0,0.0,0.0,100,100,100,100,100,udp,shr,-,0,Normal
ff:ff:ff:ff:ff:ff,00:0c:29:e1:ec:3b,10.0.0.5,10.0.0.9,1121,53,0,0,0,0,0,0,0,0,0.0,0.0,0,0,0.0,0.0,100,100,100,100,100,udp,shr,-,0,Normal
ff:ff:ff:ff:ff:ff,00:0c:29:e1:ec:3b,10.0.0.5,10.0.0.9,1122,53,0,0,0,0,0,0,0,0,0.0,0.0,0,0,0.0,0.0,100,100,100,100,100,udp,shr,-,0,Normal
ff:ff:ff:ff:ff:ff,00:0c:29:e1:ec:3b,10.0.0.5,10.0.0.9,1123,53,0,0,0,0,0,0,0,0,0.0,0.0,0,0,0.0,0.0,100,100,100,100,100,udp,shr,-,0,Normal
ff:ff:ff:ff:ff:ff,00:0c:29:e1:ec:3b,10.0.0.5,10.0.0.9,1124,53,0,0,0,0,0,0,0,0,0.0,0.0,0,0,0.0,0.0,100,100,100,100,100,udp,shr,-,0,Normal
ff:ff:ff:ff:ff:ff,00:0c:29:e1:ec:3b,10.0.0.5,10.0.0.9,1125,53,0,0,0,0,0,0,0,0,0.0,0.0,0,0,0.0,0.0,100,100,100,100,100,udp,shr,-,0,Normal
ff:ff:ff:ff:ff:ff,00:0c:29:e1:ec:3b,10.0.0.5,10.0.0.9,1126,53,0,0,0,0,0,0,0,0,0.0,0.0,0,0,0.0,0.0,100,100,100,100,100,udp,shr,-,0,Normal
ff:ff:ff:ff:ff:ff,00:0c:29:e1:ec:3b,10.0.0.5,10.0.0.9,1127,53,0,0,0,0,0,0,0,0,0.0,0.0,0,0,0.0,0.0,100,100,100,100,100,udp,shr,-,0,Normal
ff:ff:ff:ff:ff:ff,00:0c:29:e1:ec:3b,10.0.0.5,10.0.0.9,1128,53,0,0,0,0,0,0,0,0,0.0,0.0,0,0,0.0,0.0,100,100,100,100,100,udp,shr,-,0,Normal
ff:ff:ff:ff:ff:ff,00:0c:29:e1:ec:3b,10.0.0.5,10.0.0.9,1129,53,0,0,0,0,0,0,0,0,0.0,0.0,0,0,0.0,0.0,100,100,100,100,100,udp,shr,-,0,Normal
ff:ff:ff:ff:ff:ff,00:0c:29:e1:ec:3b,10.0.0.5,10.0.0.9,1130,53,0,0,0,0,0,0,0,0,0.0,0.0,0,0,0.0,0.0,100,100,100,100,100,udp,shr,-,0,Normal
ff:ff:ff:ff:ff:ff,00:0c:29:e1:ec:3b,10.0.0.5,10.0.0.9,1131,53,0,0,0,0,0,0,0,0,0.0,0.0,0,0,0.0,0.0,100,100,100,100,100,udp,shr,-,0,Normal
ff:ff:ff:ff:ff:ff,00:0c:29:e1:ec:3b,10.0.0.5,10.0.0.9,1132,53,0,0,0,0,0,0,0,0,0.0,0.0,0,0,0.0,0.0,100,100,100,100,100,udp,shr,-,0,Normal
ff:ff:ff:ff:ff:ff,00:0c:29:e1:ec:3b,10.0.0.5,10.0.0.9,1133,53,0,0,0,0,0,0,0,0,0.0,0.0,0,0,0.0,0.0,100,100,100,100,100,udp,shr,-,0,Normal
ff:ff:ff:ff:ff:ff,00:0c:29:e1:ec:3b,10.0.0.5,10.0.0.9,1134,53,0,0,0,0,0,0,0,0,0.0,0.0,0,0,0.0,0.0,100,100,100,100,100,udp,shr,-,0,Normal
ff:ff:ff:ff:ff:ff,00:0c:29:e1:ec:3b,10.0.0.5,10.0.0.9,1135,53,0,0,0,0,0,0,0,0,0.0,0.0,0,0,0.0,0.0,100,100,100,100,100,udp,shr,-,0,Normal
ff:ff:ff:ff:ff:ff,00:0c:29:e1:ec:3b,10.0.0.5,10.0.0.9,1136,53,0,0,0,0,0,0,0,0,0.0,0.0,0,0,0.0,0.0,100,100,100,100,100,udp,shr,-,0,Normal
ff:ff:ff:ff:ff:ff,00:0c:29:e1:ec:3b,10.0.0.5,10.0.0.9,1137,53,0,0,0,0,0,0,0,0,0.0,0.0,0,0,0.0,0.0,100,100,100,100,100,udp,shr,-,0,Normal
ff:ff:ff:ff:ff:ff,00:0c:29:e1:ec:3b,10.0.0.5,10.0.0.9,1138,53,0,0,0,0,0,0,0,0,0.0,0.0,0,0,0.0,0.0,100,100,100,100,100,udp,shr,-,0,Normal
ff:ff:ff:ff:ff:ff,00:0c:29:e1:ec:3b,10.0.0.5,10.0.0.9,1139,53,0,0,0,0,0,0,0,0,0.0,0.0,0,0,0.0,0.0,100,100,100,100,100,udp,shr,-,0,Normal
ff:ff:ff:ff:ff:ff,00:0c:29:e1:ec:3b,10.0.0.5,10.0.0.9,1140,53,0,0,0,0,0,0,0,0,0.0,0.0,0,0,0.0,0.0,100,100,100,100,100,udp,shr,-,0,Normal
ff:ff:ff:ff:ff:ff,00:0c:29:e1:ec:3b,10.0.0.5,10.0.0.9,1141,53,0,0,0,0,0,0,0,0,0.0,0.0,0,0,0.0,0.0,100,100,100,100,100,udp,shr,-,0,Normal
ff:ff:ff:ff:ff:ff,00:0c:29:e1:ec:3b,10.0.0.5,10.0.0.9,1142,53,0,0,0,0,0,0,0,0,0.0,0.0,0,0,0.0,0.0,100,100,100,100,100,udp,shr,-,0,Normal
ff:ff:ff:ff:ff:ff,00:0c:29:e1:ec:3b,10.0.0.5,10.0.0.9,1143,53,0,0,0,0,0,0,0,0,0.0,0.0,0,0,0.0,0.0,100,100,100,100,100,udp,shr,-,0,Normal
ff:ff:ff:ff:ff:ff,00:0c:29:e1:ec:3b,10.0.0.5,10.0.0.9,1144,53,0,0,0,0,0,0,0,0,0.0,0.0,0,0,0.0,0.0,100,100,100,100,100,udp,shr,-,0,Normal
ff:ff:ff:ff:ff:ff,00:0c:29:e1:ec:3b,10.0.0.5,10.0.0.9,1145,53,0,0,0,0,0,0,0,0,0.0,0.0,0,0,0.0,0.0,100,100,100,100,100,udp,shr,-,0,Normal
ff:ff:ff:ff:ff:ff,00:0c:29:e1:ec:3b,10.0.0.5,10.0.0.9,1146,53,0,0,0,0,0,0,0,0,0.0,0.0,0,0,0.0,0.0,100,100,100,100,100,udp,shr,-,0,Normal
ff:ff:ff:ff:ff:ff,00:0c:29:e1:ec:3b,10.0.0.5,10.0.0.9,1147,53,0,0,0,0,0,0,0,0,0.0,0.0,0,0,0.0,0.0,100,100,100,100,100,udp,shr,-,0,Normal
ff:ff:ff:ff:ff:ff,00:0c:29:e1:ec:3b,10.0.0.5,10.0.0.9,1148,53,0,0,0,0,0,0,0,0,0.0,0.0,0,0,0.0,0.0,100,100,100,100,100,udp,shr,-,0,Normal
ff:ff:ff:ff:ff:ff,00:0c:29:e1:ec:3b,10.0.0.5,10.0.0.9,1149,53,0,0,0,0,0,0,0,0,0.0,0.0,0,0,0.0,0.0,100,100,100,100,100,udp,shr,-,0,Normal
ff:ff:ff:ff:ff:ff,00:0c:29:e1:ec:3b,10.0.0.5,10.0.0.9,1150,53,0,0,0,0,0,0,0,0,0.0,0.0,0,0,0.0,0.0,100,100,100,100,100,udp,shr,-,0,Normal
ff:ff:ff:ff:ff:ff,00:0c:29:e1:ec:3b,10.0.0.5,10.0.0.9,1151,53,0,0,0,0,0,0,0,0,0.0,0.0,0,0,0.0,0.0,100,100,100,100,100,udp,shr,-,0,Normal
ff:ff:ff:ff:ff:ff,00:0c:29:e1:ec:3b,10.0.0.5,10.0.0.9,1152,53,0,0,0,0,0,0,0,0,0.0,0.0,0,0,0.0,0.0,100,100,100,100,100,udp,shr,-,0,Normal
ff:ff:ff:ff:ff:ff,00:0c:29:e1:ec:3b,10.0.0.5,10.0.0.9,1153,53,0,0,0,0,0,0,0,0,0.0,0.0,0,0,0.0,0.0,100,100,100,100,100,udp,shr,-,0,Normal
ff:ff:ff:ff:ff:ff,00:0c:29:e1:ec:3b,10.0.0.5,10.0.0.9,1154,53,0,0,0,0,0,0,0,0,0.0,0.0,0,0,0.0,0.0,100,100,100,100,100,udp,shr,-,0,Normal
ff:ff:ff:ff:ff:ff,00:0c:29:e1:ec:3b,10.0.0.5,10.0.0.9,1155,53,0,0,0,0,0,0,0,0,0.0,0.0,0,0,0.0,0.0,100,100,100,100,100,udp,shr,-,0,Normal
ff:ff:ff:ff:ff:ff,00:0c:29:e1:ec:3b,10.0.0.5,10.0.0.9,1156,53,0,0,0,0,0,0,0,0,0.0,0.0,0,0,0.0,0.0,100,100,100,100,100,udp,shr,-,0,Normal
ff:ff:ff:ff:ff:ff,00:0c:29:e1:ec:3b,10.0.0.5,10.0.0.9,1157,53,0,0,0,0,0,0,0,0,0.0,0.0,0,0,0.0,0.0,100,100,100,100,100,udp,shr,-,0,Normal
ff:ff:ff:ff:ff:ff,00:0c:29:e1:ec:3b,10.0.0.5,10.0.0.9,1158,53,0,0,0,0,0,0,0,0,0.0,0.0,0,0,0.0,0.0,100,100,100,100,100,udp,shr,-,0,Normal
ff:ff:ff:ff:ff:ff,00:0c:29:e1:ec:3b,10.0.0.5,10.0.0.9,1159,53,0,0,0,0,0,0,0,0,0.0,0.0,0,0,0.0,0.0,100,100,100,100,100,udp,shr,-,0,Normal
ff:ff:ff:ff:ff:ff,00:0c:29:e1:ec:3b,10.0.0.5,10.0.0.9,1160,53,0,0,0,0,0,0,0,0,0.0,0.0,0,0,0.0,0.0,100,100,100,100,100,udp,shr,-,0,Normal
ff:ff:ff:ff:ff:ff,00:0c:29:e1:ec:3b,10.0.0.5,10.0.0.9,1161,53,0,0,0,0,0,0,0,0,0.0,0.0,0,0,0.0,0.0,100,100,100,100,100,udp,shr,-,0,Normal
ff:ff:ff:ff:ff:ff,00:0c:29:e1:ec:3b,10.0.0.5,10.0.0.9,1162,53,0,0,0,0,0,0,0,0,0.0,0.0,0,0,0.0,0.0,100,100,100,100,100,udp,shr,-,0,Normal
ff:ff:ff:ff:ff:ff,00:0c:29:e1:ec:3b,10.0.0.5,10.0.0.9,1163,53,0,0,0,0,0,0,0,0,0.0,0.0,0,0,0.0,0.0,100,100,100,100,100,udp,shr,-,0,Normal
ff:ff:ff:ff:ff:ff,00:0c:29:e1:ec:3b,10.0.0.5,10.0.0.9,1164,53,0,0,0,0,0,0,0,0,0.0,0.0,0,0,0.0,0.0,100,100,100,100,100,udp,shr,-,0,Normal
ff:ff:ff:ff:ff:ff,00:0c:29:e1:ec:3b,10.0.0.5,10.0.0.9,1165,53,0,0,0,0,0,0,0,0,0.0,0.0,0,0,0.0,0.0,100,100,100,100,100,udp,shr,-,0,Normal
ff:ff:ff:ff:ff:ff,00:0c:29:e1:ec:3b,10.0.0.5,10.0.0.9,1166,53,0,0,0,0,0,0,0,0,0.0,0.0,0,0,0.0,0.0,100,100,100,100,100,udp,shr,-,0,Normal
ff:ff:ff:ff:ff:ff,00:0c:29:e1:ec:3b,10.0.0.5,10.0.0.9,1167,53,0,0,0,0,0,0,0,0,0.0,0.0,0,0,0.0,0.0,100,100,100,100,100,udp,shr,-,0,Normal
ff:ff:ff:ff:ff:ff,00:0c:29:e1:ec:3b,10.0.0.5,10.0.0.9,1168,53,0,0,0,0,0,0,0,0,0.0,0.0,0,0,0.0,0.0,100,100,100,100,100,udp,shr,-,0,Normal
ff:ff:ff:ff:ff:ff,00:0c:29:e1:ec:3b,10.0.0.5,10.0.0.9,1169,53,0,0,0,0,0,0,0,0,0.0,0.0,0,0,0.0,0.0,100,100,100,100,100,udp,shr,-,0,Normal
ff:ff:ff:ff:ff:ff,00:0c:29:e1:ec:3b,10.0.0.5,10.0.0.9,1170,53,0,0,0,0,0,0,0,0,0.0,0.0,0,0,0.0,0.0,100,100,100,100,100,udp,shr,-,0,Normal
ff:ff:ff:ff:ff:ff,00:0c:29:e1:ec:3b,10.0.0.5,10.0.0.9,1171,53,0,0,0,0,0,0,0,0,0.0,0.0,0,0,0.0,0.0,100,100,100,100,100,udp,shr,-,0,Normal
ff:ff:ff:ff:ff:ff,00:0c:29:e1:ec:3b,10.0.0.5,10.0.0.9,1172,53,0,0,0,0,0,0,0,0,0.0,0.0,0,0,0.0,0.0,100,100,100,100,100,udp,shr,-,0,Normal
ff:ff:ff:ff:ff:ff,00:0c:29:e1:ec:3b,10.0.0.5,10.0.0.9,1173,53,0,0,0,0,0,0,0,0,0.0,0.0,0,0,0.0,0.0,100,100,100,100,100,udp,shr,-,0,Normal
ff:ff:ff:ff:ff:ff,00:0c:29:e1:ec:3b,10.0.0.5,10.0.0.9,1174,53,0,0,0,0,0,0,0,0,0.0,0.0,0,0,0.0,0.0,100,100,100,100,100,udp,shr,-,0,Normal
ff:ff:ff:ff:ff:ff,00:0c:29:e1:ec:3b,10.0.0.5,10.0.0.9,1175,53,0,0,0,0,0,0,0,0,0.0,0.0,0,0,0.0,0.0,100,100,100,100,100,udp,shr,-,0,Normal
ff:ff:ff:ff:ff:ff,00:0c:29:e1:ec:3b,10.0.0.5,10.0.0.9,1176,53,0,0,0,0,0,0,0,0,0.0,0.0,0,0,0.0,0.0,100,100,100,100,100,udp,shr,-,0,Normal
ff:ff:ff:ff:ff:ff,00:0c:29:e1:ec:3b,10.0.0.5,10.0.0.9,1177,53,0,0,0,0,0,0,0,0,0.0,0.0,0,0,0.0,0.0,100,100,100,100,100,udp,shr,-,0,Normal
ff:ff:ff:ff:ff:ff,00:0c:29:e1:ec:3b,10.0.0.5,10.0.0.9,1178,53,0,0,0,0,0,0,0,0,0.0,0.0,0,0,0.0,0.0,100,100,100,100,100,udp,shr,-,0,Normal
ff:ff:ff:ff:ff:ff,00:0c:29:e1:ec:3b,10.0.0.5,10.0.0.9,1179,53,0,0,0,0,0,0,0,0,0.0,0.0,0,0,0.0,0.0,100,100,100,100,100,udp,shr,-,0,Normal
ff:ff:ff:ff:ff:ff,00:0c:29:e1:ec:3b,10.0.0.5,10.0.0.9,1180,53,0,0,0,0,0,0,0,0,0.0,0.0,0,0,0.0,0.0,100,100,100,100,100,udp,shr,-,0,Normal
ff:ff:ff:ff:ff:ff,00:0c:29:e1:ec:3b,10.0.0.5,10.0.0.9,1181,53,0,0,0,0,0,0,0,0,0.0,0.0,0,0,0.0,0.0,100,100,100,100,100,udp,shr,-,0,Normal
ff:ff:ff:ff:ff:ff,00:0c:29:e1:ec:3b,10.0.0.5,10.0.0.9,1182,53,0,0,0,0,0,0,0,0,0.0,0.0,0,0,0.0,0.0,100,100,100,100,100,udp,shr,-,0,Normal
ff:ff:ff:ff:ff:ff,00:0c:29:e1:ec:3b,10.0.0.5,10.0.0.9,1183,53,0,0,0,0,0,0,0,0,0.0,0.0,0,0,0.0,0.0,100,100,100,100,100,udp,shr,-,0,Normal
ff:ff:ff:ff:ff:ff,00:0c:29:e1:ec:3b,10.0.0.5,10.0.0.9,1184,53,0,0,0,0,0,0,0,0,0.0,0.0,0,0,0.0,0.0,100,100,100,100,100,udp,shr,-,0,Normal
ff:ff:ff:ff:ff:ff,00:0c:29:e1:ec:3b,10.0.0.5,10.0.0.9,1185,53,0,0,0,0,0,0,0,0,0.0,0.0,0,0,0.0,0.0,100,100,100,100,100,udp,shr,-,0,Normal
ff:ff:ff:ff:ff:ff,00:0c:29:e1:ec:3b,10.0.0.5,10.0.0.9,1186,53,0,0,0,0,0,0,0,0,0.0,0.0,0,0,0.0,0.0,100,100,100,100,100,udp,shr,-,0,Normal
ff:ff:ff:ff:ff:ff,00:0c:29:e1:ec:3b,10.0.0.5,10.0.0.9,1187,53,0,0,0,0,0,0,0,0,0.0,0.0,0,0,0.0,0.0,100,100,100,100,100,udp,shr,-,0,Normal
ff:ff:ff:ff:ff:ff,00:0c:29:e1:ec:3b,10.0.0.5,10.0.0.9,1188,53,0,0,0,0,0,0,0,0,0.0,0.0,0,0,0.0,0.0,100,100,100,100,100,udp,shr,-,0,Normal
ff:ff:ff:ff:ff:ff,00:0c:29:e1:ec:3b,10.0.0.5,10.0.0.9,1189,53,0,0,0,0,0,0,0,0,0.0,0.0,0,0,0.0,0.0,100,100,100,100,100,udp,shr,-,0,Normal
ff:ff:ff:ff:ff:ff,00:0c:29:e1:ec:3b,10.0.0.5,10.0.0.9,1190,53,0,0,0,0,0,0,0,0,0.0,0.0,0,0,0.0,0.0,100,100,100,100,100,udp,shr,-,0,Normal
ff:ff:ff:ff:ff:ff,00:0c:29:e1:ec:3b,10.0.0.5,10.0.0.9,1191,53,0,0,0,0,0,0,0,0,0.0,0.0,0,0,0.0,0.0,100,100,100,100,100,udp,shr,-,0,Normal
ff:ff:ff:ff:ff:ff,00:0c:29:e1:ec:3b,10.0.0.5,10.0.0.9,1192,53,0,0,0,0,0,0,0,0,0.0,0.0,0,0,0.0,0.0,100,100,100,100,100,udp,shr,-,0,Normal
ff:ff:ff:ff:ff:ff,00:0c:29:e1:ec:3b,10.0.0.5,10.0.0.9,1193,53,0,0,0,0,0,0,0,0,0.0,0.0,0,0,0.0,0.0,100,100,100,100,100,udp,shr,-,0,Normal
ff:ff:ff:ff:ff:ff,00:0c:29:e1:ec:3b,10.0.0.5,10.0.0.9,1194,53,0,0,0,0,0,0,0,0,0.0,0.0,0,0,0.0,0.0,100,100,100,100,100,udp,shr,-,0,Normal
ff:ff:ff:ff:ff:ff,00:0c:29:e1:ec:3b,10.0.0.5,10.0.0.9,1195,53,0,0,0,0,0,0,0,0,0.0,0.0,0,0,0.0,0.0,100,100,100,100,100,udp,shr,-,0,Normal
ff:ff:ff:ff:ff:ff,00:0c:29:e1:ec:3b,10.0.0.5,10.0.0.9,1196,53,0,0,0,0,0,0,0,0,0.0,0.0,0,0,0.0,0.0,100,100,100,100,100,udp,shr,-,0,Normal
ff:ff:ff:ff:ff:ff,00:0c:29:e1:ec:3b,10.0.0.5,10.0.0.9,1197,53,0,0,0,0,0,0,0,0,0.0,0.0,0,0,0.0,0.0,100,100,100,100,100,udp,shr,-,0,Normal
ff:ff:ff:ff:ff:ff,00:0c:29:e1:ec:3b,10.0.0.5,10.0.0.9,1198,53,0,0,0,0,0,0,0,0,0.0,0.0,0,0,0.0,0.0,100,100,100,100,100,udp,shr,-,0,Normal
ff:ff:ff:ff:ff:ff,00:0c:29:e1:ec:3b,10.0.0.5,10.0.0.9,1199,53,0,0,0,0,0,0,0,0,0.0,0.0,0,0,0.0,0.0,100,100,100,100,100,udp,shr,-,0,Normal
00:0c:29:e1:ec:3b,Broadcast,10.0.0.5,10.0.0.9,1000,80,1782078667,64,0,0,54,0,54,0,0.0,0.0,0,0,0.0,0.0,100,100,100,100,100,tcp,s0,-,0,Normal
00:0c:29:e1:ec:3b,Broadcast,10.0.0.9,10.0.0.5,53,1000,1782078667,64,0,0,42,0,42,0,0.0,0.0,0,0,0.0,0.0,1,1,1,1,1,udp,int,-,0,Normal
00:0c:29:e1:ec:3b,Broadcast,10.0.0.5,10.0.0.9,1001,80,1782078667,64,0,0,54,0,54,0,0.0,0.0,0,0,0.0,0.0,99,99,99,99,99,tcp,s0,-,0,Normal
00:0c:29:e1:ec:3b,Broadcast,10.0.0.9,10.0.0.5,53,1001,1782078667,64,0,0,42,0,42,0,0.0,0.0,0,0,0.0,0.0,2,2,2,2,2,udp,int,-,0,Normal
00:0c:29:e1:ec:3b,Broadcast,10.0.0.5,10.0.0.9,1002,80,1782078667,64,0,0,54,0,54,0,0.0,0.0,0,0,0.0,0.0,98,98,98,98,98,tcp,s0,-,0,Normal
00:0c:29:e1:ec:3b,Broadcast,10.0.0.9,10.0.0.5,53,1002,1782078667,64,0,0,42,0,42,0,0.0,0.0,0,0,0.0,0.0,3,3,3,3,3,udp,int,-,0,Normal
00:0c:29:e1:ec:3b,Broadcast,10.0.0.5,10.0.0.9,1003,80,1782078667,64,0,0,54,0,54,0,0.0,0.0,0,0,0.0,0.0,97,97,97,97,97,tcp,s0,-,0,Normal
00:0c:29:e1:ec:3b,Broadcast,10.0.0.9,10.0.0.5,53,1003,1782078667,64,0,0,42,0,42,0,0.0,0.0,0,0,0.0,0.0,4,4,4,4,4,udp,int,-,0,Normal
00:0c:29:e1:ec:3b,Broadcast,10.0.0.5,10.0.0.9,1004,80,1782078667,64,0,0,54,0,54,0,0.0,0.0,0,0,0.0,0.0,96,96,96,96,96,tcp,s0,-,0,Normal
00:0c:29:e1:ec:3b,Broadcast,10.0.0.9,10.0.0.5,53,1004,1782078667,64,0,0,42,0,42,0,0.0,0.0,0,0,0.0,0.0,5,5,5,5,5,udp,int,-,0,Normal
00:0c:29:e1:ec:3b,Broadcast,10.0.0.5,10.0.0.9,1005,80,1782078667,64,0,0,54,0,54,0,0.0,0.0,0,0,0.0,0.0,95,95,95,95,95,tcp,s0,-,0,Normal
00:0c:29:e1:ec:3b,Broadcast,10.0.0.9,10.0.0.5,53,1005,1782078667,64,0,0,42,0,42,0,0.0,0.0,0,0,0.0,0.0,6,6,6,6,6,udp,int,-,0,Normal
00:0c:29:e1:ec:3b,Broadcast,10.0.0.5,10.0.0.9,1006,80,1782078667,64,0,0,54,0,54,0,0.0,0.0,0,0,0.0,0.0,94,94,94,94,94,tcp,s0,-,0,Normal
00:0c:29:e1:ec:3b,Broadcast,10.0.0.9,10.0.0.5,53,1006,1782078667,64,0,0,42,0,42,0,0.0,0.0,0,0,0.0,0.0,7,7,7,7,7,udp,int,-,0,Normal
00:0c:29:e1:ec:3b,Broadcast,10.0.0.5,10.0.0.9,1007,80,1782078667,64,0,0,54,0,54,0,0.0,0.0,0,0,0.0,0.0,93,93,93,93,93,tcp,s0,-,0,Normal
00:0c:29:e1:ec:3b,Broadcast,10.0.0.9,10.0.0.5,53,1007,1782078667,64,0,0,42,0,42,0,0.0,0.0,0,0,0.0,0.0,8,8,8,8,8,udp,int,-,0,Normal
00:0c:29:e1:ec:3b,Broadcast,10.0.0.5,10.0.0.9,1008,80,1782078667,64,0,0,54,0,54,0,0.0,0.0,0,0,0.0,0.0,92,92,92,92,92,tcp,s0,-,0,Normal
00:0c:29:e1:ec:3b,Broadcast,10.0.0.9,10.0.0.5,53,1008,1782078667,64,0,0,42,0,42,0,0.0,0.0,0,0,0.0,0.0,9,9,9,9,9,udp,int,-,0,Normal
00:0c:29:e1:ec:3b,Broadcast,10.0.0.5,10.0.0.9,1009,80,1782078667,64,0,0,54,0,54,0,0.0,0.0,0,0,0.0,0.0,91,91,91,91,91,tcp,s0,-,0,Normal
00:0c:29:e1:ec:3b,Broadcast,10.0.0.9,10.0.0.5,53,1009,1782078667,64,0,0,42,0,42,0,0.0,0.0,0,0,0.0,0.0,10,10,10,10,10,udp,int,-,0,Normal
00:0c:29:e1:ec:3b,Broadcast,10.0.0.5,10.0.0.9,1010,80,1782078667,64,0,0,54,0,54,0,0.0,0.0,0,0,0.0,0.0,90,90,90,90,90,tcp,s0,-,0,Normal
00:0c:29:e1:ec:3b,Broadcast,10.0.0.9,10.0.0.5,53,1010,1782078667,64,0,0,42,0,42,0,0.0,0.0,0,0,0.0,0.0,11,11,11,11,11,udp,int,-,0,Normal
00:0c:29:e1:ec:3b,Broadcast,10.0.0.5,10.0.0.9,1011,80,1782078667,64,0,0,54,0,54,0,0.0,0.0,0,0,0.0,0.0,89,89,89,89,89,tcp,s0,-,0,Normal
00:0c:29:e1:ec:3b,Broadcast,10.0.0.9,10.0.0.5,53,1011,1782078667,64,0,0,42,0,42,0,0.0,0.0,0,0,0.0,0.0,12,12,12,12,12,udp,int,-,0,Normal
00:0c:29:e1:ec:3b,Broadcast,10.0.0.5,10.0.0.9,1012,80,1782078667,64,0,0,54,0,54,0,0.0,0.0,0,0,0.0,0.0,88,88,88,88,88,tcp,s0,-,0,Normal
00:0c:29:e1:ec:3b,Broadcast,10.0.0.9,10.0.0.5,53,1012,1782078667,64,0,0,42,0,42,0,0.0,0.0,0,0,0.0,0.0,13,13,13,13,13,udp,int,-,0,Normal
00:0c:29:e1:ec:3b,Broadcast,10.0.0.5,10.0.0.9,1013,80,1782078667,64,0,0,54,0,54,0,0.0,0.0,0,0,0.0,0.0,87,87,87,87,87,tcp,s0,-,0,Normal
00:0c:29:e1:ec:3b,Broadcast,10.0.0.9,10.0.0.5,53,1013,1782078667,64,0,0,42,0,42,0,0.0,0.0,0,0,0.0,0.0,14,14,14,14,14,udp,int,-,0,Normal
00:0c:29:e1:ec:3b,Broadcast,10.0.0.5,10.0.0.9,1014,80,1782078667,64,0,0,54,0,54,0,0.0,0.0,0,0,0.0,0.0,86,86,86,86,86,tcp,s0,-,0,Normal
00:0c:29:e1:ec:3b,Broadcast,10.0.0.9,10.0.0.5,53,1014,1782078667,64,0,0,42,0,42,0,0.0,0.0,0,0,0.0,0.0,15,15,15,15,15,udp,int,-,0,Normal
00:0c:29:e1:ec:3b,Broadcast,10.0.0.5,10.0.0.9,1015,80,1782078667,64,0,0,54,0,54,0,0.0,0.0,0,0,0.0,0.0,85,85,85,85,85,tcp,s0,-,0,Normal
00:0c:29:e1:ec:3b,Broadcast,10.0.0.9,10.0.0.5,53,1015,1782078667,64,0,0,42,0,42,0,0.0,0.0,0,0,0.0,0.0,16,16,16,16,16,udp,int,-,0,Normal
00:0c:29:e1:ec:3b,Broadcast,10.0.0.5,10.0.0.9,1016,80,1782078667,64,0,0,54,0,54,0,0.0,0.0,0,0,0.0,0.0,84,84,84,84,84,tcp,s0,-,0,Normal
00:0c:29:e1:ec:3b,Broadcast,10.0.0.9,10.0.0.5,53,1016,1782078667,64,0,0,42,0,42,0,0.0,0.0,0,0,0.0,0.0,17,17,17,17,17,udp,int,-,0,Normal
00:0c:29:e1:ec:3b,Broadcast,10.0.0.5,10.0.0.9,1017,80,1782078667,64,0,0,54,0,54,0,0.0,0.0,0,0,0.0,0.0,83,83,83,83,83,tcp,s0,-,0,Normal
00:0c:29:e1:ec:3b,Broadcast,10.0.0.9,10.0.0.5,53,1017,1782078667,64,0,0,42,0,42,0,0.0,0.0,0,0,0.0,0.0,18,18,18,18,18,udp,int,-,0,Normal
00:0c:29:e1:ec:3b,Broadcast,10.0.0.5,10.0.0.9,1018,80,1782078667,64,0,0,54,0,54,0,0.0,0.0,0,0,0.0,0.0,82,82,82,82,82,tcp,s0,-,0,Normal
00:0c:29:e1:ec:3b,Broadcast,10.0.0.9,10.0.0.5,53,1018,1782078667,64,0,0,42,0,42,0,0.0,0.0,0,0,0.0,0.0,19,19,19,19,19,udp,int,-,0,Normal
00:0c:29:e1:ec:3b,Broadcast,10.0.0.5,10.0.0.9,1019,80,1782078667,64,0,0,54,0,54,0,0.0,0.0,0,0,0.0,0.0,81,81,81,81,81,tcp,s0,-,0,Normal
00:0c:29:e1:ec:3b,Broadcast,10.0.0.9,10.0.0.5,53,1019,1782078667,64,0,0,42,0,42,0,0.0,0.0,0,0,0.0,0.0,20,20,20,20,20,udp,int,-,0,Normal
00:0c:29:e1:ec:3b,Broadcast,10.0.0.5,10.0.0.9,1020,80,1782078667,64,0,0,54,0,54,0,0.0,0.0,0,0,0.0,0.0,80,80,80,80,80,tcp,s0,-,0,Normal
00:0c:29:e1:ec:3b,Broadcast,10.0.0.9,10.0.0.5,53,1020,1782078667,64,0,0,42,0,42,0,0.0,0.0,0,0,0.0,0.0,21,21,21,21,21,udp,int,-,0,Normal
00:0c:29:e1:ec:3b,Broadcast,10.0.0.5,10.0.0.9,1021,80,1782078667,64,0,0,54,0,54,0,0.0,0.0,0,0,0.0,0.0,79,79,79,79,79,tcp,s0,-,0,Normal
00:0c:29:e1:ec:3b,Broadcast,10.0.0.9,10.0.0.5,53,1021,1782078667,64,0,0,42,0,42,0,0.0,0.0,0,0,0.0,0.0,22,22,22,22,22,udp,int,-,0,Normal
00:0c:29:e1:ec:3b,Broadcast,10.0.0.5,10.0.0.9,1022,80,1782078667,64,0,0,54,0,54,0,0.0,0.0,0,0,0.0,0.0,78,78,78,78,78,tcp,s0,-,0,Normal
00:0c:29:e1:ec:3b,Broadcast,10.0.0.9,10.0.0.5,53,1022,1782078667,64,0,0,42,0,42,0,0.0,0.0,0,0,0.0,0.0,23,23,23,23,23,udp,int,-,0,Normal
00:0c:29:e1:ec:3b,Broadcast,10.0.0.5,10.0.0.9,1023,80,1782078667,64,0,0,54,0,54,0,0.0,0.0,0,0,0.0,0.0,77,77,77,77,77,tcp,s0,-,0,Normal
00:0c:29:e1:ec:3b,Broadcast,10.0.0.9,10.0.0.5,53,1023,1782078667,64,0,0,42,0,42,0,0.0,0.0,0,0,0.0,0.0,24,24,24,24,24,udp,int,-,0,Normal
00:0c:29:e1:ec:3b,Broadcast,10.0.0.5,10.0.0.9,1024,80,1782078667,64,0,0,54,0,54,0,0.0,0.0,0,0,0.0,0.0,76,76,76,76,76,tcp,s0,-,0,Normal
00:0c:29:e1:ec:3b,Broadcast,10.0.0.9,10.0.0.5,53,1024,1782078667,64,0,0,42,0,42,0,0.0,0.0,0,0,0.0,0.0,25,25,25,25,25,udp,int,-,0,Normal
00:0c:29:e1:ec:3b,Broadcast,10.0.0.5,10.0.0.9,1025,80,1782078667,64,0,0,54,0,54,0,0.0,0.0,0,0,0.0,0.0,75,75,75,75,75,tcp,s0,-,0,Normal
00:0c:29:e1:ec:3b,Broadcast,10.0.0.9,10.0.0.5,53,1025,1782078667,64,0,0,42,0,42,0,0.0,0.0,0,0,0.0,0.0,26,26,26,26,26,udp,int,-,0,Normal
00:0c:29:e1:ec:3b,Broadcast,10.0.0.5,10.0.0.9,1026,80,1782078667,64,0,0,54,0,54,0,0.0,0.0,0,0,0.0,0.0,74,74,74,74,74,tcp,s0,-,0,Normal
00:0c:29:e1:ec:3b,Broadcast,10.0.0.9,10.0.0.5,53,1026,1782078667,64,0,0,42,0,42,0,0.0,0.0,0,0,0.0,0.0,27,27,27,27,27,udp,int,-,0,Normal
00:0c:29:e1:ec:3b,Broadcast,10.0.0.5,10.0.0.9,1027,80,1782078667,64,0,0,54,0,54,0,0.0,0.0,0,0,0.0,0.0,73,73,73,73,73,tcp,s0,-,0,Normal
00:0c:29:e1:ec:3b,Broadcast,10.0.0.9,10.0.0.5,53,1027,1782078667,64,0,0,42,0,42,0,0.0,0.0,0,0,0.0,0.0,28,28,28,28,28,udp,int,-,0,Normal
00:0c:29:e1:ec:3b,Broadcast,10.0.0.5,10.0.0.9,1028,80,1782078667,64,0,0,54,0,54,0,0.0,0.0,0,0,0.0,0.0,72,72,72,72,72,tcp,s0,-,0,Normal
00:0c:29:e1:ec:3b,Broadcast,10.0.0.9,10.0.0.5,53,1028,1782078667,64,0,0,42,0,42,0,0.0,0.0,0,0,0.0,0.0,29,29,29,29,29,udp,int,-,0,Normal
00:0c:29:e1:ec:3b,Broadcast,10.0.0.5,10.0.0.9,1029,80,1782078667,64,0,0,54,0,54,0,0.0,0.0,0,0,0.0,0.0,71,71,71,71,71,tcp,s0,-,0,Normal
00:0c:29:e1:ec:3b,Broadcast,10.0.0.9,10.0.0.5,53,1029,1782078667,64,0,0,42,0,42,0,0.0,0.0,0,0,0.0,0.0,30,30,30,30,30,udp,int,-,0,Normal
00:0c:29:e1:ec:3b,Broadcast,10.0.0.5,10.0.0.9,1030,80,1782078667,64,0,0,54,0,54,0,0.0,0.0,0,0,0.0,0.0,70,70,70,70,70,tcp,s0,-,0,Normal
00:0c:29:e1:ec:3b,Broadcast,10.0.0.9,10.0.0.5,53,1030,1782078667,64,0,0,42,0,42,0,0.0,0.0,0,0,0.0,0.0,31,31,31,31,31,udp,int,-,0,Normal
00:0c:29:e1:ec:3b,Broadcast,10.0.0.5,10.0.0.9,1031,80,1782078667,64,0,0,54,0,54,0,0.0,0.0,0,0,0.0,0.0,69,69,69,69,69,tcp,s0,-,0,Normal
00:0c:29:e1:ec:3b,Broadcast,10.0.0.9,10.0.0.5,53,1031,1782078667,64,0,0,42,0,42,0,0.0,0.0,0,0,0.0,0.0,32,32,32,32,32,udp,int,-,0,Normal
00:0c:29:e1:ec:3b,Broadcast,10.0.0.5,10.0.0.9,1032,80,1782078667,64,0,0,54,0,54,0,0.0,0.0,0,0,0.0,0.0,68,68,68,68,68,tcp,s0,-,0,Normal
00:0c:29:e1:ec:3b,Broadcast,10.0.0.9,10.0.0.5,53,1032,1782078667,64,0,0,42,0,42,0,0.0,0.0,0,0,0.0,0.0,33,33,33,33,33,udp,int,-,0,Normal
00:0c:29:e1:ec:3b,Broadcast,10.0.0.5,10.0.0.9,1033,80,1782078667,64,0,0,54,0,54,0,0.0,0.0,0,0,0.0,0.0,67,67,67,67,67,tcp,s0,-,0,Normal
00:0c:29:e1:ec:3b,Broadcast,10.0.0.9,10.0.0.5,53,1033,1782078667,64,0,0,42,0,42,0,0.0,0.0,0,0,0.0,0.0,34,34,34,34,34,udp,int,-,0,Normal
00:0c:29:e1:ec:3b,Broadcast,10.0.0.5,10.0.0.9,1034,80,1782078667,64,0,0,54,0,54,0,0.0,0.0,0,0,0.0,0.0,66,66,66,66,66,tcp,s0,-,0,Normal
00:0c:29:e1:ec:3b,Broadcast,10.0.0.9,10.0.0.5,53,1034,1782078667,64,0,0,42,0,42,0,0.0,0.0,0,0,0.0,0.0,35,35,35,35,35,udp,int,-,0,Normal
00:0c:29:e1:ec:3b,Broadcast,10.0.0.5,10.0.0.9,1035,80,1782078667,64,0,0,54,0,54,0,0.0,0.0,0,0,0.0,0.0,65,65,65,65,65,tcp,s0,-,0,Normal
00:0c:29:e1:ec:3b,Broadcast,10.0.0.9,10.0.0.5,53,1035,1782078667,64,0,0,42,0,42,0,0.0,0.0,0,0,0.0,0.0,36,36,36,36,36,udp,int,-,0,Normal
00:0c:29:e1:ec:3b,Broadcast,10.0.0.5,10.0.0.9,1036,80,1782078667,64,0,0,54,0,54,0,0.0,0.0,0,0,0.0,0.0,64,64,64,64,64,tcp,s0,-,0,Normal
00:0c:29:e1:ec:3b,Broadcast,10.0.0.9,10.0.0.5,53,1036,1782078667,64,0,0,42,0,42,0,0.0,0.0,0,0,0.0,0.0,37,37,37,37,37,udp,int,-,0,Normal
00:0c:29:e1:ec:3b,Broadcast,10.0.0.5,10.0.0.9,1037,80,1782078667,64,0,0,54,0,54,0,0.0,0.0,0,0,0.0,0.0,63,63,63,63,63,tcp,s0,-,0,Normal
00:0c:29:e1:ec:3b,Broadcast,10.0.0.9,10.0.0.5,53,1037,1782078667,64,0,0,42,0,42,0,0.0,0.0,0,0,0.0,0.0,38,38,38,38,38,udp,int,-,0,Normal
00:0c:29:e1:ec:3b,Broadcast,10.0.0.5,10.0.0.9,1038,80,1782078667,64,0,0,54,0,54,0,0.0,0.0,0,0,0.0,0.0,62,62,62,62,62,tcp,s0,-,0,Normal
00:0c:29:e1:ec:3b,Broadcast,10.0.0.9,10.0.0.5,53,1038,1782078667,64,0,0,42,0,42,0,0.0,0.0,0,0,0.0,0.0,39,39,39,39,39,udp,int,-,0,Normal
00:0c:29:e1:ec:3b,Broadcast,10.0.0.5,10.0.0.9,1039,80,1782078667,64,0,0,54,0,54,0,0.0,0.0,0,0,0.0,0.0,61,61,61,61,61,tcp,s0,-,0,Normal
00:0c:29:e1:ec:3b,Broadcast,10.0.0.9,10.0.0.5,53,1039,1782078667,64,0,0,42,0,42,0,0.0,0.0,0,0,0.0,0.0,40,40,40,40,40,udp,int,-,0,Normal
00:0c:29:e1:ec:3b,Broadcast,10.0.0.5,10.0.0.9,1040,80,1782078667,64,0,0,54,0,54,0,0.0,0.0,0,0,0.0,0.0,60,60,60,60,60,tcp,s0,-,0,Normal
00:0c:29:e1:ec:3b,Broadcast,10.0.0.9,10.0.0.5,53,1040,1782078667,64,0,0,42,0,42,0,0.0,0.0,0,0,0.0,0.0,41,41,41,41,41,udp,int,-,0,Normal
00:0c:29:e1:ec:3b,Broadcast,10.0.0.5,10.0.0.9,1041,80,1782078667,64,0,0,54,0,54,0,0.0,0.0,0,0,0.0,0.0,59,59,59,59,59,tcp,s0,-,0,Normal
00:0c:29:e1:ec:3b,Broadcast,10.0.0.9,10.0.0.5,53,1041,1782078667,64,0,0,42,0,42,0,0.0,0.0,0,0,0.0,0.0,42,42,42,42,42,udp,int,-,0,Normal
00:0c:29:e1:ec:3b,Broadcast,10.0.0.5,10.0.0.9,1042,80,1782078667,64,0,0,54,0,54,0,0.0,0.0,0,0,0.0,0.0,58,58,58,58,58,tcp,s0,-,0,Normal
00:0c:29:e1:ec:3b,Broadcast,10.0.0.9,10.0.0.5,53,1042,1782078667,64,0,0,42,0,42,0,0.0,0.0,0,0,0.0,0.0,43,43,43,43,43,udp,int,-,0,Normal
00:0c:29:e1:ec:3b,Broadcast,10.0.0.5,10.0.0.9,1043,80,1782078667,64,0,0,54,0,54,0,0.0,0.0,0,0,0.0,0.0,57,57,57,57,57,tcp,s0,-,0,Normal
00:0c:29:e1:ec:3b,Broadcast,10.0.0.9,10.0.0.5,53,1043,1782078667,64,0,0,42,0,42,0,0.0,0.0,0,0,0.0,0.0,44,44,44,44,44,udp,int,-,0,Normal
00:0c:29:e1:ec:3b,Broadcast,10.0.0.5,10.0.0.9,1044,80,1782078667,64,0,0,54,0,54,0,0.0,0.0,0,0,0.0,0.0,56,56,56,56,56,tcp,s0,-,0,Normal
00:0c:29:e1:ec:3b,Broadcast,10.0.0.9,10.0.0.5,53,1044,1782078667,64,0,0,42,0,42,0,0.0,0.0,0,0,0.0,0.0,45,45,45,45,45,udp,int,-,0,Normal
00:0c:29:e1:ec:3b,Broadcast,10.0.0.5,10.0.0.9,1045,80,1782078667,64,0,0,54,0,54,0,0.0,0.0,0,0,0.0,0.0,55,55,55,55,55,tcp,s0,-,0,Normal
00:0c:29:e1:ec:3b,Broadcast,10.0.0.9,10.0.0.5,53,1045,1782078667,64,0,0,42,0,42,0,0.0,0.0,0,0,0.0,0.0,46,46,46,46,46,udp,int,-,0,Normal
00:0c:29:e1:ec:3b,Broadcast,10.0.0.5,10.0.0.9,1046,80,1782078667,64,0,0,54,0,54,0,0.0,0.0,0,0,0.0,0.0,54,54,54,54,54,tcp,s0,-,0,Normal
00:0c:29:e1:ec:3b,Broadcast,10.0.0.9,10.0.0.5,53,1046,1782078667,64,0,0,42,0,42,0,0.0,0.0,0,0,0.0,0.0,47,47,47,47,47,udp,int,-,0,Normal
00:0c:29:e1:ec:3b,Broadcast,10.0.0.5,10.0.0.9,1047,80,1782078667,64,0,0,54,0,54,0,0.0,0.0,0,0,0.0,0.0,53,53,53,53,53,tcp,s0,-,0,Normal
00:0c:29:e1:ec:3b,Broadcast,10.0.0.9,10.0.0.5,53,1047,1782078667,64,0,0,42,0,42,0,0.0,0.0,0,0,0.0,0.0,48,48,48,48,48,udp,int,-,0,Normal
00:0c:29:e1:ec:3b,Broadcast,10.0.0.5,10.0.0.9,1048,80,1782078667,64,0,0,54,0,54,0,0.0,0.0,0,0,0.0,0.0,52,52,52,52,52,tcp,s0,-,0,Normal
00:0c:29:e1:ec:3b,Broadcast,10.0.0.9,10.0.0.5,53,1048,1782078667,64,0,0,42,0,42,0,0.0,0.0,0,0,0.0,0.0,49,49,49,49,49,udp,int,-,0,Normal
00:0c:29:e1:ec:3b,Broadcast,10.0.0.5,10.0.0.9,1049,80,1782078667,64,0,0,54,0,54,0,0.0,0.0,0,0,0.0,0.0,51,51,51,51,51,tcp,s0,-,0,Normal
00:0c:29:e1:ec:3b,Broadcast,10.0.0.9,10.0.0.5,53,1049,1782078667,64,0,0,42,0,42,0,0.0,0.0,0,0,0.0,0.0,50,50,50,50,50,udp,int,-,0,Normal
00:0c:29:e1:ec:3b,Broadcast,10.0.0.5,10.0.0.9,1050,80,1782078667,64,0,0,54,0,54,0,0.0,0.0,0,0,0.0,0.0,50,50,50,50,50,tcp,s0,-,0,Normal
00:0c:29:e1:ec:3b,Broadcast,10.0.0.9,10.0.0.5,53,1050,1782078667,64,0,0,42,0,42,0,0.0,0.0,0,0,0.0,0.0,50,50,50,50,50,udp,int,-,0,Normal
00:0c:29:e1:ec:3b,Broadcast,10.0.0.5,10.0.0.9,1051,80,1782078667,64,0,0,54,0,54,0,0.0,0.0,0,0,0.0,0.0,50,50,50,50,50,tcp,s0,-,0,Normal
00:0c:29:e1:ec:3b,Broadcast,10.0.0.9,10.0.0.5,53,1051,1782078667,64,0,0,42,0,42,0,0.0,0.0,0,0,0.0,0.0,50,50,50,50,50,udp,int,-,0,Normal
00:0c:29:e1:ec:3b,Broadcast,10.0.0.5,10.0.0.9,1052,80,1782078667,64,0,0,54,0,54,0,0.0,0.0,0,0,0.0,0.0,50,50,50,50,50,tcp,s0,-,0,Normal
00:0c:29:e1:ec:3b,Broadcast,10.0.0.9,10.0.0.5,53,1052,1782078667,64,0,0,42,0,42,0,0.0,0.0,0,0,0.0,0.0,50,50,50,50,50,udp,int,-,0,Normal
00:0c:29:e1:ec:3b,Broadcast,10.0.0.5,10.0.0.9,1053,80,1782078667,64,0,0,54,0,54,0,0.0,0.0,0,0,0.0,0.0,50,50,50,50,50,tcp,s0,-,0,Normal
00:0c:29:e1:ec:3b,Broadcast,10.0.0.9,10.0.0.5,53,1053,1782078667,64,0,0,42,0,42,0,0.0,0.0,0,0,0.0,0.0,50,50,50,50,50,udp,int,-,0,Normal
00:0c:29:e1:ec:3b,Broadcast,10.0.0.5,10.0.0.9,1054,80,1782078667,64,0,0,54,0,54,0,0.0,0.0,0,0,0.0,0.0,50,50,50,50,50,tcp,s0,-,0,Normal
00:0c:29:e1:ec:3b,Broadcast,10.0.0.9,10.0.0.5,53,1054,1782078667,64,0,0,42,0,42,0,0.0,0.0,0,0,0.0,0.0,50,50,50,50,50,udp,int,-,0,Normal
00:0c:29:e1:ec:3b,Broadcast,10.0.0.5,10.0.0.9,1055,80,1782078667,64,0,0,54,0,54,0,0.0,0.0,0,0,0.0,0.0,50,50,50,50,50,tcp,s0,-,0,Normal
00:0c:29:e1:ec:3b,Broadcast,10.0.0.9,10.0.0.5,53,1055,1782078667,64,0,0,42,0,42,0,0.0,0.0,0,0,0.0,0.0,50,50,50,50,50,udp,int,-,0,Normal
00:0c:29:e1:ec:3b,Broadcast,10.0.0.5,10.0.0.9,1056,80,1782078667,64,0,0,54,0,54,0,0.0,0.0,0,0,0.0,0.0,50,50,50,50,50,tcp,s0,-,0,Normal
00:0c:29:e1:ec:3b,Broadcast,10.0.0.9,10.0.0.5,53,1056,1782078667,64,0,0,42,0,42,0,0.0,0.0,0,0,0.0,0.0,50,50,50,50,50,udp,int,-,0,Normal
00:0c:29:e1:ec:3b,Broadcast,10.0.0.5,10.0.0.9,1057,80,1782078667,64,0,0,54,0,54,0,0.0,0.0,0,0,0.0,0.0,50,50,50,50,50,tcp,s0,-,0,Normal
00:0c:29:e1:ec:3b,Broadcast,10.0.0.9,10.0.0.5,53,1057,1782078667,64,0,0,42,0,42,0,0.0,0.0,0,0,0.0,0.0,50,50,50,50,50,udp,int,-,0,Normal
00:0c:29:e1:ec:3b,Broadcast,10.0.0.5,10.0.0.9,1058,80,1782078667,64,0,0,54,0,54,0,0.0,0.0,0,0,0.0,0.0,50,50,50,50,50,tcp,s0,-,0,Normal
00:0c:29:e1:ec:3b,Broadcast,10.0.0.9,10.0.0.5,53,1058,1782078667,64,0,0,42,0,42,0,0.0,0.0,0,0,0.0,0.0,50,50,50,50,50,udp,int,-,0,Normal
00:0c:29:e1:ec:3b,Broadcast,10.0.0.5,10.0.0.9,1059,80,1782078667,64,0,0,54,0,54,0,0.0,0.0,0,0,0.0,0.0,50,50,50,50,50,tcp,s0,-,0,Normal
00:0c:29:e1:ec:3b,Broadcast,10.0.0.9,10.0.0.5,53,1059,1782078667,64,0,0,42,0,42,0,0.0,0.0,0,0,0.0,0.0,50,50,50,50,50,udp,int,-,0,Normal
00:0c:29:e1:ec:3b,Broadcast,10.0.0.5,10.0.0.9,1060,80,1782078667,64,0,0,54,0,54,0,0.0,0.0,0,0,0.0,0.0,50,50,50,50,50,tcp,s0,-,0,Normal
00:0c:29:e1:ec:3b,Broadcast,10.0.0.9,10.0.0.5,53,1060,1782078667,64,0,0,42,0,42,0,0.0,0.0,0,0,0.0,0.0,50,50,50,50,50,udp,int,-,0,Normal
00:0c:29:e1:ec:3b,Broadcast,10.0.0.5,10.0.0.9,1061,80,1782078667,64,0,0,54,0,54,0,0.0,0.0,0,0,0.0,0.0,50,50,50,50,50,tcp,s0,-,0,Normal
00:0c:29:e1:ec:3b,Broadcast,10.0.0.9,10.0.0.5,53,1061,1782078667,64,0,0,42,0,42,0,0.0,0.0,0,0,0.0,0.0,50,50,50,50,50,udp,int,-,0,Normal
00:0c:29:e1:ec:3b,Broadcast,10.0.0.5,10.0.0.9,1062,80,1782078667,64,0,0,54,0,54,0,0.0,0.0,0,0,0.0,0.0,50,50,50,50,50,tcp,s0,-,0,Normal
00:0c:29:e1:ec:3b,Broadcast,10.0.0.9,10.0.0.5,53,1062,1782078667,64,0,0,42,0,42,0,0.0,0.0,0,0,0.0,0.0,50,50,50,50,50,udp,int,-,0,Normal
00:0c:29:e1:ec:3b,Broadcast,10.0.0.5,10.0.0.9,1063,80,1782078667,64,0,0,54,0,54,0,0.0,0.0,0,0,0.0,0.0,50,50,50,50,50,tcp,s0,-,0,Normal
00:0c:29:e1:ec:3b,Broadcast,10.0.0.9,10.0.0.5,53,1063,1782078667,64,0,0,42,0,42,0,0.0,0.0,0,0,0.0,0.0,50,50,50,50,50,udp,int,-,0,Normal
00:0c:29:e1:ec:3b,Broadcast,10.0.0.5,10.0.0.9,1064,80,1782078667,64,0,0,54,0,54,0,0.0,0.0,0,0,0.0,0.0,50,50,50,50,50,tcp,s0,-,0,Normal
00:0c:29:e1:ec:3b,Broadcast,10.0.0.9,10.0.0.5,53,1064,1782078667,64,0,0,42,0,42,0,0.0,0.0,0,0,0.0,0.0,50,50,50,50,50,udp,int,-,0,Normal
00:0c:29:e1:ec:3b,Broadcast,10.0.0.5,10.0.0.9,1065,80,1782078667,64,0,0,54,0,54,0,0.0,0.0,0,0,0.0,0.0,50,50,50,50,50,tcp,s0,-,0,Normal
00:0c:29:e1:ec:3b,Broadcast,10.0.0.9,10.0.0.5,53,1065,1782078667,64,0,0,42,0,42,0,0.0,0.0,0,0,0.0,0.0,50,50,50,50,50,udp,int,-,0,Normal
00:0c:29:e1:ec:3b,Broadcast,10.0.0.5,10.0.0.9,1066,80,1782078667,64,0,0,54,0,54,0,0.0,0.0,0,0,0.0,0.0,50,50,50,50,50,tcp,s0,-,0,Normal
00:0c:29:e1:ec:3b,Broadcast,10.0.0.9,10.0.0.5,53,1066,1782078667,64,0,0,42,0,42,0,0.0,0.0,0,0,0.0,0.0,50,50,50,50,50,udp,int,-,0,Normal
00:0c:29:e1:ec:3b,Broadcast,10.0.0.5,10.0.0.9,1067,80,1782078667,64,0,0,54,0,54,0,0.0,0.0,0,0,0.0,0.0,50,50,50,50,50,tcp,s0,-,0,Normal
00:0c:29:e1:ec:3b,Broadcast,10.0.0.9,10.0.0.5,53,1067,1782078667,64,0,0,42,0,42,0,0.0,0.0,0,0,0.0,0.0,50,50,50,50,50,udp,int,-,0,Normal
00:0c:29:e1:ec:3b,Broadcast,10.0.0.5,10.0.0.9,1068,80,1782078667,64,0,0,54,0,54,0,0.0,0.0,0,0,0.0,0.0,50,50,50,50,50,tcp,s0,-,0,Normal
00:0c:29:e1:ec:3b,Broadcast,10.0.0.9,10.0.0.5,53,1068,1782078667,64,0,0,42,0,42,0,0.0,0.0,0,0,0.0,0.0,50,50,50,50,50,udp,int,-,0,Normal
00:0c:29:e1:ec:3b,Broadcast,10.0.0.5,10.0.0.9,1069,80,1782078667,64,0,0,54,0,54,0,0.0,0.0,0,0,0.0,0.0,50,50,50,50,50,tcp,s0,-,0,Normal
00:0c:29:e1:ec:3b,Broadcast,10.0.0.9,10.0.0.5,53,1069,1782078667,64,0,0,42,0,42,0,0.0,0.0,0,0,0.0,0.0,50,50,50,50,50,udp,int,-,0,Normal
00:0c:29:e1:ec:3b,Broadcast,10.0.0.5,10.0.0.9,1070,80,1782078667,64,0,0,54,0,54,0,0.0,0.0,0,0,0.0,0.0,50,50,50,50,50,tcp,s0,-,0,Normal
00:0c:29:e1:ec:3b,Broadcast,10.0.0.9,10.0.0.5,53,1070,1782078667,64,0,0,42,0,42,0,0.0,0.0,0,0,0.0,0.0,50,50,50,50,50,udp,int,-,0,Normal
00:0c:29:e1:ec:3b,Broadcast,10.0.0.5,10.0.0.9,1071,80,1782078667,64,0,0,54,0,54,0,0.0,0.0,0,0,0.0,0.0,50,50,50,50,50,tcp,s0,-,0,Normal
00:0c:29:e1:ec:3b,Broadcast,10.0.0.9,10.0.0.5,53,1071,1782078667,64,0,0,42,0,42,0,0.0,0.0,0,0,0.0,0.0,50,50,50,50,50,udp,int,-,0,Normal
00:0c:29:e1:ec:3b,Broadcast,10.0.0.5,10.0.0.9,1072,80,1782078667,64,0,0,54,0,54,0,0.0,0.0,0,0,0.0,0.0,50,50,50,50,50,tcp,s0,-,0,Normal
00:0c:29:e1:ec:3b,Broadcast,10.0.0.9,10.0.0.5,53,1072,1782078667,64,0,0,42,0,42,0,0.0,0.0,0,0,0.0,0.0,50,50,50,50,50,udp,int,-,0,Normal
00:0c:29:e1:ec:3b,Broadcast,10.0.0.5,10.0.0.9,1073,80,1782078667,64,0,0,54,0,54,0,0.0,0.0,0,0,0.0,0.0,50,50,50,50,50,tcp,s0,-,0,Normal
00:0c:29:e1:ec:3b,Broadcast,10.0.0.9,10.0.0.5,53,1073,1782078667,64,0,0,42,0,42,0,0.0,0.0,0,0,0.0,0.0,50,50,50,50,50,udp,int,-,0,Normal
00:0c:29:e1:ec:3b,Broadcast,10.0.0.5,10.0.0.9,1074,80,1782078667,64,0,0,54,0,54,0,0.0,0.0,0,0,0.0,0.0,50,50,50,50,50,tcp,s0,-,0,Normal
00:0c:29:e1:ec:3b,Broadcast,10.0.0.9,10.0.0.5,53,1074,1782078667,64,0,0,42,0,42,0,0.0,0.0,0,0,0.0,0.0,50,50,50,50,50,udp,int,-,0,Normal
00:0c:29:e1:ec:3b,Broadcast,10.0.0.5,10.0.0.9,1075,80,1782078667,64,0,0,54,0,54,0,0.0,0.0,0,0,0.0,0.0,50,50,50,50,50,tcp,s0,-,0,Normal
00:0c:29:e1:ec:3b,Broadcast,10.0.0.9,10.0.0.5,53,1075,1782078667,64,0,0,42,0,42,0,0.0,0.0,0,0,0.0,0.0,50,50,50,50,50,udp,int,-,0,Normal
00:0c:29:e1:ec:3b,Broadcast,10.0.0.5,10.0.0.9,1076,80,1782078667,64,0,0,54,0,54,0,0.0,0.0,0,0,0.0,0.0,50,50,50,50,50,tcp,s0,-,0,Normal
00:0c:29:e1:ec:3b,Broadcast,10.0.0.9,10.0.0.5,53,1076,1782078667,64,0,0,42,0,42,0,0.0,0.0,0,0,0.0,0.0,50,50,50,50,50,udp,int,-,0,Normal
00:0c:29:e1:ec:3b,Broadcast,10.0.0.5,10.0.0.9,1077,80,1782078667,64,0,0,54,0,54,0,0.0,0.0,0,0,0.0,0.0,50,50,50,50,50,tcp,s0,-,0,Normal
00:0c:29:e1:ec:3b,Broadcast,10.0.0.9,10.0.0.5,53,1077,1782078667,64,0,0,42,0,42,0,0.0,0.0,0,0,0.0,0.0,50,50,50,50,50,udp,int,-,0,Normal
00:0c:29:e1:ec:3b,Broadcast,10.0.0.5,10.0.0.9,1078,80,1782078667,64,0,0,54,0,54,0,0.0,0.0,0,0,0.0,0.0,50,50,50,50,50,tcp,s0,-,0,Normal
00:0c:29:e1:ec:3b,Broadcast,10.0.0.9,10.0.0.5,53,1078,1782078667,64,0,0,42,0,42,0,0.0,0.0,0,0,0.0,0.0,50,50,50,50,50,udp,int,-,0,Normal
00:0c:29:e1:ec:3b,Broadcast,10.0.0.5,10.0.0.9,1079,80,1782078667,64,0,0,54,0,54,0,0.0,0.0,0,0,0.0,0.0,50,50,50,50,50,tcp,s0,-,0,Normal
00:0c:29:e1:ec:3b,Broadcast,10.0.0.9,10.0.0.5,53,1079,1782078667,64,0,0,42,0,42,0,0.0,0.0,0,0,0.0,0.0,50,50,50,50,50,udp,int,-,0,Normal
00:0c:29:e1:ec:3b,Broadcast,10.0.0.5,10.0.0.9,1080,80,1782078667,64,0,0,54,0,54,0,0.0,0.0,0,0,0.0,0.0,50,50,50,50,50,tcp,s0,-,0,Normal
00:0c:29:e1:ec:3b,Broadcast,10.0.0.9,10.0.0.5,53,1080,1782078667,64,0,0,42,0,42,0,0.0,0.0,0,0,0.0,0.0,50,50,50,50,50,udp,int,-,0,Normal
00:0c:29:e1:ec:3b,Broadcast,10.0.0.5,10.0.0.9,1081,80,1782078667,64,0,0,54,0,54,0,0.0,0.0,0,0,0.0,0.0,50,50,50,50,50,tcp,s0,-,0,Normal
00:0c:29:e1:ec:3b,Broadcast,10.0.0.9,10.0.0.5,53,1081,1782078667,64,0,0,42,0,42,0,0.0,0.0,0,0,0.0,0.0,50,50,50,50,50,udp,int,-,0,Normal
00:0c:29:e1:ec:3b,Broadcast,10.0.0.5,10.0.0.9,1082,80,1782078667,64,0,0,54,0,54,0,0.0,0.0,0,0,0.0,0.0,50,50,50,50,50,tcp,s0,-,0,Normal
00:0c:29:e1:ec:3b,Broadcast,10.0.0.9,10.0.0.5,53,1082,1782078667,64,0,0,42,0,42,0,0.0,0.0,0,0,0.0,0.0,50,50,50,50,50,udp,int,-,0,Normal
00:0c:29:e1:ec:3b,Broadcast,10.0.0.5,10.0.0.9,1083,80,1782078667,64,0,0,54,0,54,0,0.0,0.0,0,0,0.0,0.0,50,50,50,50,50,tcp,s0,-,0,Normal
00:0c:29:e1:ec:3b,Broadcast,10.0.0.9,10.0.0.5,53,1083,1782078667,64,0,0,42,0,42,0,0.0,0.0,0,0,0.0,0.0,50,50,50,50,50,udp,int,-,0,Normal
00:0c:29:e1:ec:3b,Broadcast,10.0.0.5,10.0.0.9,1084,80,1782078667,64,0,0,54,0,54,0,0.0,0.0,0,0,0.0,0.0,50,50,50,50,50,tcp,s0,-,0,Normal
00:0c:29:e1:ec:3b,Broadcast,10.0.0.9,10.0.0.5,53,1084,1782078667,64,0,0,42,0,42,0,0.0,0.0,0,0,0.0,0.0,50,50,50,50,50,udp,int,-,0,Normal
00:0c:29:e1:ec:3b,Broadcast,10.0.0.5,10.0.0.9,1085,80,1782078667,64,0,0,54,0,54,0,0.0,0.0,0,0,0.0,0.0,50,50,50,50,50,tcp,s0,-,0,Normal
00:0c:29:e1:ec:3b,Broadcast,10.0.0.9,10.0.0.5,53,1085,1782078667,64,0,0,42,0,42,0,0.0,0.0,0,0,0.0,0.0,50,50,50,50,50,udp,int,-,0,Normal
00:0c:29:e1:ec:3b,Broadcast,10.0.0.5,10.0.0.9,1086,80,1782078667,64,0,0,54,0,54,0,0.0,0.0,0,0,0.0,0.0,50,50,50,50,50,tcp,s0,-,0,Normal
00:0c:29:e1:ec:3b,Broadcast,10.0.0.9,10.0.0.5,53,1086,1782078667,64,0,0,42,0,42,0,0.0,0.0,0,0,0.0,0.0,50,50,50,50,50,udp,int,-,0,Normal
00:0c:29:e1:ec:3b,Broadcast,10.0.0.5,10.0.0.9,1087,80,1782078667,64,0,0,54,0,54,0,0.0,0.0,0,0,0.0,0.0,50,50,50,50,50,tcp,s0,-,0,Normal
00:0c:29:e1:ec:3b,Broadcast,10.0.0.9,10.0.0.5,53,1087,1782078667,64,0,0,42,0,42,0,0.0,0.0,0,0,0.0,0.0,50,50,50,50,50,udp,int,-,0,Normal
00:0c:29:e1:ec:3b,Broadcast,10.0.0.5,10.0.0.9,1088,80,1782078667,64,0,0,54,0,54,0,0.0,0.0,0,0,0.0,0.0,50,50,50,50,50,tcp,s0,-,0,Normal
00:0c:29:e1:ec:3b,Broadcast,10.0.0.9,10.0.0.5,53,1088,1782078667,64,0,0,42,0,42,0,0.0,0.0,0,0,0.0,0.0,50,50,50,50,50,udp,int,-,0,Normal
00:0c:29:e1:ec:3b,Broadcast,10.0.0.5,10.0.0.9,1089,80,1782078667,64,0,0,54,0,54,0,0.0,0.0,0,0,0.0,0.0,50,50,50,50,50,tcp,s0,-,0,Normal
00:0c:29:e1:ec:3b,Broadcast,10.0.0.9,10.0.0.5,53,1089,1782078667,64,0,0,42,0,42,0,0.0,0.0,0,0,0.0,0.0,50,50,50,50,50,udp,int,-,0,Normal
00:0c:29:e1:ec:3b,Broadcast,10.0.0.5,10.0.0.9,1090,80,1782078667,64,0,0,54,0,54,0,0.0,0.0,0,0,0.0,0.0,50,50,50,50,50,tcp,s0,-,0,Normal
00:0c:29:e1:ec:3b,Broadcast,10.0.0.9,10.0.0.5,53,1090,1782078667,64,0,0,42,0,42,0,0.0,0.0,0,0,0.0,0.0,50,50,50,50,50,udp,int,-,0,Normal
00:0c:29:e1:ec:3b,Broadcast,10.0.0.5,10.0.0.9,1091,80,1782078667,64,0,0,54,0,54,0,0.0,0.0,0,0,0.0,0.0,50,50,50,50,50,tcp,s0,-,0,Normal
00:0c:29:e1:ec:3b,Broadcast,10.0.0.9,10.0.0.5,53,1091,1782078667,64,0,0,42,0,42,0,0.0,0.0,0,0,0.0,0.0,50,50,50,50,50,udp,int,-,0,Normal
00:0c:29:e1:ec:3b,Broadcast,10.0.0.5,10.0.0.9,1092,80,1782078667,64,0,0,54,0,54,0,0.0,0.0,0,0,0.0,0.0,50,50,50,50,50,tcp,s0,-,0,Normal
00:0c:29:e1:ec:3b,Broadcast,10.0.0.9,10.0.0.5,53,1092,1782078667,64,0,0,42,0,42,0,0.0,0.0,0,0,0.0,0.0,50,50,50,50,50,udp,int,-,0,Normal
00:0c:29:e1:ec:3b,Broadcast,10.0.0.5,10.0.0.9,1093,80,1782078667,64,0,0,54,0,54,0,0.0,0.0,0,0,0.0,0.0,50,50,50,50,50,tcp,s0,-,0,Normal
00:0c:29:e1:ec:3b,Broadcast,10.0.0.9,10.0.0.5,53,1093,1782078667,64,0,0,42,0,42,0,0.0,0.0,0,0,0.0,0.0,50,50,50,50,50,udp,int,-,0,Normal
00:0c:29:e1:ec:3b,Broadcast,10.0.0.5,10.0.0.9,1094,80,1782078667,64,0,0,54,0,54,0,0.0,0.0,0,0,0.0,0.0,50,50,50,50,50,tcp,s0,-,0,Normal
00:0c:29:e1:ec:3b,Broadcast,10.0.0.9,10.0.0.5,53,1094,1782078667,64,0,0,42,0,42,0,0.0,0.0,0,0,0.0,0.0,50,50,50,50,50,udp,int,-,0,Normal
00:0c:29:e1:ec:3b,Broadcast,10.0.0.5,10.0.0.9,1095,80,1782078667,64,0,0,54,0,54,0,0.0,0.0,0,0,0.0,0.0,50,50,50,50,50,tcp,s0,-,0,Normal
00:0c:29:e1:ec:3b,Broadcast,10.0.0.9,10.0.0.5,53,1095,1782078667,64,0,0,42,0,42,0,0.0,0.0,0,0,0.0,0.0,50,50,50,50,50,udp,int,-,0,Normal
00:0c:29:e1:ec:3b,Broadcast,10.0.0.5,10.0.0.9,1096,80,1782078667,64,0,0,54,0,54,0,0.0,0.0,0,0,0.0,0.0,50,50,50,50,50,tcp,s0,-,0,Normal
00:0c:29:e1:ec:3b,Broadcast,10.0.0.9,10.0.0.5,53,1096,1782078667,64,0,0,42,0,42,0,0.0,0.0,0,0,0.0,0.0,50,50,50,50,50,udp,int,-,0,Normal
00:0c:29:e1:ec:3b,Broadcast,10.0.0.5,10.0.0.9,1097,80,1782078667,64,0,0,54,0,54,0,0.0,0.0,0,0,0.0,0.0,50,50,50,50,50,tcp,s0,-,0,Normal
00:0c:29:e1:ec:3b,Broadcast,10.0.0.9,10.0.0.5,53,1097,1782078667,64,0,0,42,0,42,0,0.0,0.0,0,0,0.0,0.0,50,50,50,50,50,udp,int,-,0,Normal
00:0c:29:e1:ec:3b,Broadcast,10.0.0.5,10.0.0.9,1098,80,1782078667,64,0,0,54,0,54,0,0.0,0.0,0,0,0.0,0.0,50,50,50,50,50,tcp,s0,-,0,Normal
00:0c:29:e1:ec:3b,Broadcast,10.0.0.9,10.0.0.5,53,1098,1782078667,64,0,0,42,0,42,0,0.0,0.0,0,0,0.0,0.0,50,50,50,50,50,udp,int,-,0,Normal
00:0c:29:e1:ec:3b,Broadcast,10.0.0.5,10.0.0.9,1099,80,1782078667,64,0,0,54,0,54,0,0.0,0.0,0,0,0.0,0.0,50,50,50,50,50,tcp,s0,-,0,Normal
00:0c:29:e1:ec:3b,Broadcast,10.0.0.9,10.0.0.5,53,1099,1782078667,64,0,0,42,0,42,0,0.0,0.0,0,0,0.0,0.0,50,50,50,50,50,udp,int,-,0,Normal
00:0c:29:e1:ec:3b,Broadcast,10.0.0.5,10.0.0.9,1100,80,1782078667,64,0,0,54,0,54,0,0.0,0.0,0,0,0.0,0.0,50,50,50,50,50,tcp,s0,-,0,Normal
00:0c:29:e1:ec:3b,Broadcast,10.0.0.9,10.0.0.5,53,1100,1782078667,64,0,0,42,0,42,0,0.0,0.0,0,0,0.0,0.0,50,50,50,50,50,udp,int,-,0,Normal
00:0c:29:e1:ec:3b,Broadcast,10.0.0.5,10.0.0.9,1101,80,1782078667,64,0,0,54,0,54,0,0.0,0.0,0,0,0.0,0.0,50,50,50,50,50,tcp,s0,-,0,Normal
00:0c:29:e1:ec:3b,Broadcast,10.0.0.9,10.0.0.5,53,1101,1782078667,64,0,0,42,0,42,0,0.0,0.0,0,0,0.0,0.0,50,50,50,50,50,udp,int,-,0,Normal
00:0c:29:e1:ec:3b,Broadcast,10.0.0.5,10.0.0.9,1102,80,1782078667,64,0,0,54,0,54,0,0.0,0.0,0,0,0.0,0.0,50,50,50,50,50,tcp,s0,-,0,Normal
00:0c:29:e1:ec:3b,Broadcast,10.0.0.9,10.0.0.5,53,1102,1782078667,64,0,0,42,0,42,0,0.0,0.0,0,0,0.0,0.0,50,50,50,50,50,udp,int,-,0,Normal
00:0c:29:e1:ec:3b,Broadcast,10.0.0.5,10.0.0.9,1103,80,1782078667,64,0,0,54,0,54,0,0.0,0.0,0,0,0.0,0.0,50,50,50,50,50,tcp,s0,-,0,Normal
00:0c:29:e1:ec:3b,Broadcast,10.0.0.9,10.0.0.5,53,1103,1782078667,64,0,0,42,0,42,0,0.0,0.0,0,0,0.0,0.0,50,50,50,50,50,udp,int,-,0,Normal
00:0c:29:e1:ec:3b,Broadcast,10.0.0.5,10.0.0.9,1104,80,1782078667,64,0,0,54,0,54,0,0.0,0.0,0,0,0.0,0.0,50,50,50,50,50,tcp,s0,-,0,Normal
00:0c:29:e1:ec:3b,Broadcast,10.0.0.9,10.0.0.5,53,1104,1782078667,64,0,0,42,0,42,0,0.0,0.0,0,0,0.0,0.0,50,50,50,50,50,udp,int,-,0,Normal
00:0c:29:e1:ec:3b,Broadcast,10.0.0.5,10.0.0.9,1105,80,1782078667,64,0,0,54,0,54,0,0.0,0.0,0,0,0.0,0.0,50,50,50,50,50,tcp,s0,-,0,Normal
00:0c:29:e1:ec:3b,Broadcast,10.0.0.9,10.0.0.5,53,1105,1782078667,64,0,0,42,0,42,0,0.0,0.0,0,0,0.0,0.0,50,50,50,50,50,udp,int,-,0,Normal
00:0c:29:e1:ec:3b,Broadcast,10.0.0.5,10.0.0.9,1106,80,1782078667,64,0,0,54,0,54,0,0.0,0.0,0,0,0.0,0.0,50,50,50,50,50,tcp,s0,-,0,Normal
00:0c:29:e1:ec:3b,Broadcast,10.0.0.9,10.0.0.5,53,1106,1782078667,64,0,0,42,0,42,0,0.0,0.0,0,0,0.0,0.0,50,50,50,50,50,udp,int,-,0,Normal
00:0c:29:e1:ec:3b,Broadcast,10.0.0.5,10.0.0.9,1107,80,1782078667,64,0,0,54,0,54,0,0.0,0.0,0,0,0.0,0.0,50,50,50,50,50,tcp,s0,-,0,Normal
00:0c:29:e1:ec:3b,Broadcast,10.0.0.9,10.0.0.5,53,1107,1782078667,64,0,0,42,0,42,0,0.0,0.0,0,0,0.0,0.0,50,50,50,50,50,udp,int,-,0,Normal
00:0c:29:e1:ec:3b,Broadcast,10.0.0.5,10.0.0.9,1108,80,1782078667,64,0,0,54,0,54,0,0.0,0.0,0,0,0.0,0.0,50,50,50,50,50,tcp,s0,-,0,Normal
00:0c:29:e1:ec:3b,Broadcast,10.0.0.9,10.0.0.5,53,1108,1782078667,64,0,0,42,0,42,0,0.0,0.0,0,0,0.0,0.0,50,50,50,50,50,udp,int,-,0,Normal
00:0c:29:e1:ec:3b,Broadcast,10.0.0.5,10.0.0.9,1109,80,1782078667,64,0,0,54,0,54,0,0.0,0.0,0,0,0.0,0.0,50,50,50,50,50,tcp,s0,-,0,Normal
00:0c:29:e1:ec:3b,Broadcast,10.0.0.9,10.0.0.5,53,1109,1782078667,64,0,0,42,0,42,0,0.0,0.0,0,0,0.0,0.0,50,50,50,50,50,udp,int,-,0,Normal
00:0c:29:e1:ec:3b,Broadcast,10.0.0.5,10.0.0.9,1110,80,1782078667,64,0,0,54,0,54,0,0.0,0.0,0,0,0.0,0.0,50,50,50,50,50,tcp,s0,-,0,Normal
00:0c:29:e1:ec:3b,Broadcast,10.0.0.9,10.0.0.5,53,1110,1782078667,64,0,0,42,0,42,0,0.0,0.0,0,0,0.0,0.0,50,50,50,50,50,udp,int,-,0,Normal
00:0c:29:e1:ec:3b,Broadcast,10.0.0.5,10.0.0.9,1111,80,1782078667,64,0,0,54,0,54,0,0.0,0.0,0,0,0.0,0.0,50,50,50,50,50,tcp,s0,-,0,Normal
00:0c:29:e1:ec:3b,Broadcast,10.0.0.9,10.0.0.5,53,1111,1782078667,64,0,0,42,0,42,0,0.0,0.0,0,0,0.0,0.0,50,50,50,50,50,udp,int,-,0,Normal
00:0c:29:e1:ec:3b,Broadcast,10.0.0.5,10.0.0.9,1112,80,1782078667,64,0,0,54,0,54,0,0.0,0.0,0,0,0.0,0.0,50,50,50,50,50,tcp,s0,-,0,Normal
00:0c:29:e1:ec:3b,Broadcast,10.0.0.9,10.0.0.5,53,1112,1782078667,64,0,0,42,0,42,0,0.0,0.0,0,0,0.0,0.0,50,50,50,50,50,udp,int,-,0,Normal
00:0c:29:e1:ec:3b,Broadcast,10.0.0.5,10.0.0.9,1113,80,1782078667,64,0,0,54,0,54,0,0.0,0.0,0,0,0.0,0.0,50,50,50,50,50,tcp,s0,-,0,Normal
00:0c:29:e1:ec:3b,Broadcast,10.0.0.9,10.0.0.5,53,1113,1782078667,64,0,0,42,0,42,0,0.0,0.0,0,0,0.0,0.0,50,50,50,50,50,udp,int,-,0,Normal
00:0c:29:e1:ec:3b,Broadcast,10.0.0.5,10.0.0.9,1114,80,1782078667,64,0,0,54,0,54,0,0.0,0.0,0,0,0.0,0.0,50,50,50,50,50,tcp,s0,-,0,Normal
00:0c:29:e1:ec:3b,Broadcast,10.0.0.9,10.0.0.5,53,1114,1782078667,64,0,0,42,0,42,0,0.0,0.0,0,0,0.0,0.0,50,50,50,50,50,udp,int,-,0,Normal
00:0c:29:e1:ec:3b,Broadcast,10.0.0.5,10.0.0.9,1115,80,1782078667,64,0,0,54,0,54,0,0.0,0.0,0,0,0.0,0.0,50,50,50,50,50,tcp,s0,-,0,Normal
00:0c:29:e1:ec:3b,Broadcast,10.0.0.9,10.0.0.5,53,1115,1782078667,64,0,0,42,0,42,0,0.0,0.0,0,0,0.0,0.0,50,50,50,50,50,udp,int,-,0,Normal
00:0c:29:e1:ec:3b,Broadcast,10.0.0.5,10.0.0.9,1116,80,1782078667,64,0,0,54,0,54,0,0.0,0.0,0,0,0.0,0.0,50,50,50,50,50,tcp,s0,-,0,Normal
00:0c:29:e1:ec:3b,Broadcast,10.0.0.9,10.0.0.5,53,1116,1782078667,64,0,0,42,0,42,0,0.0,0.0,0,0,0.0,0.0,50,50,50,50,50,udp,int,-,0,Normal
00:0c:29:e1:ec:3b,Broadcast,10.0.0.5,10.0.0.9,1117,80,1782078667,64,0,0,54,0,54,0,0.0,0.0,0,0,0.0,0.0,50,50,50,50,50,tcp,s0,-,0,Normal
00:0c:29:e1:ec:3b,Broadcast,10.0.0.9,10.0.0.5,53,1117,1782078667,64,0,0,42,0,42,0,0.0,0.0,0,0,0.0,0.0,50,50,50,50,50,udp,int,-,0,Normal
00:0c:29:e1:ec:3b,Broadcast,10.0.0.5,10.0.0.9,1118,80,1782078667,64,0,0,54,0,54,0,0.0,0.0,0,0,0.0,0.0,50,50,50,50,50,tcp,s0,-,0,Normal
00:0c:29:e1:ec:3b,Broadcast,10.0.0.9,10.0.0.5,53,1118,1782078667,64,0,0,42,0,42,0,0.0,0.0,0,0,0.0,0.0,50,50,50,50,50,udp,int,-,0,Normal
00:0c:29:e1:ec:3b,Broadcast,10.0.0.5,10.0.0.9,1119,80,1782078667,64,0,0,54,0,54,0,0.0,0.0,0,0,0.0,0.0,50,50,50,50,50,tcp,s0,-,0,Normal
00:0c:29:e1:ec:3b,Broadcast,10.0.0.9,10.0.0.5,53,1119,1782078667,64,0,0,42,0,42,0,0.0,0.0,0,0,0.0,0.0,50,50,50,50,50,udp,int,-,0,Normal
00:0c:29:e1:ec:3b,Broadcast,10.0.0.5,10.0.0.9,1120,80,1782078667,64,0,0,54,0,54,0,0.0,0.0,0,0,0.0,0.0,50,50,50,50,50,tcp,s0,-,0,Normal
00:0c:29:e1:ec:3b,Broadcast,10.0.0.9,10.0.0.5,53,1120,1782078667,64,0,0,42,0,42,0,0.0,0.0,0,0,0.0,0.0,50,50,50,50,50,udp,int,-,0,Normal
00:0c:29:e1:ec:3b,Broadcast,10.0.0.5,10.0.0.9,1121,80,1782078667,64,0,0,54,0,54,0,0.0,0.0,0,0,0.0,0.0,50,50,50,50,50,tcp,s0,-,0,Normal
00:0c:29:e1:ec:3b,Broadcast,10.0.0.9,10.0.0.5,53,1121,1782078667,64,0,0,42,0,42,0,0.0,0.0,0,0,0.0,0.0,50,50,50,50,50,udp,int,-,0,Normal
00:0c:29:e1:ec:3b,Broadcast,10.0.0.5,10.0.0.9,1122,80,1782078667,64,0,0,54,0,54,0,0.0,0.0,0,0,0.0,0.0,50,50,50,50,50,tcp,s0,-,0,Normal
00:0c:29:e1:ec:3b,Broadcast,10.0.0.9,10.0.0.5,53,1122,1782078667,64,0,0,42,0,42,0,0.0,0.0,0,0,0.0,0.0,50,50,50,50,50,udp,int,-,0,Normal
00:0c:29:e1:ec:3b,Broadcast,10.0.0.5,10.0.0.9,1123,80,1782078667,64,0,0,54,0,54,0,0.0,0.0,0,0,0.0,0.0,50,50,50,50,50,tcp,s0,-,0,Normal
00:0c:29:e1:ec:3b,Broadcast,10.0.0.9,10.0.0.5,53,1123,1782078667,64,0,0,42,0,42,0,0.0,0.0,0,0,0.0,0.0,50,50,50,50,50,udp,int,-,0,Normal
00:0c:29:e1:ec:3b,Broadcast,10.0.0.5,10.0.0.9,1124,80,1782078667,64,0,0,54,0,54,0,0.0,0.0,0,0,0.0,0.0,50,50,50,50,50,tcp,s0,-,0,Normal
00:0c:29:e1:ec:3b,Broadcast,10.0.0.9,10.0.0.5,53,1124,1782078667,64,0,0,42,0,42,0,0.0,0.0,0,0,0.0,0.0,50,50,50,50,50,udp,int,-,0,Normal
00:0c:29:e1:ec:3b,Broadcast,10.0.0.5,10.0.0.9,1125,80,1782078667,64,0,0,54,0,54,0,0.0,0.0,0,0,0.0,0.0,50,50,50,50,50,tcp,s0,-,0,Normal
00:0c:29:e1:ec:3b,Broadcast,10.0.0.9,10.0.0.5,53,1125,1782078667,64,0,0,42,0,42,0,0.0,0.0,0,0,0.0,0.0,50,50,50,50,50,udp,int,-,0,Normal
00:0c:29:e1:ec:3b,Broadcast,10.0.0.5,10.0.0.9,1126,80,1782078667,64,0,0,54,0,54,0,0.0,0.0,0,0,0.0,0.0,50,50,50,50,50,tcp,s0,-,0,Normal
00:0c:29:e1:ec:3b,Broadcast,10.0.0.9,10.0.0.5,53,1126,1782078667,64,0,0,42,0,42,0,0.0,0.0,0,0,0.0,0.0,50,50,50,50,50,udp,int,-,0,Normal
00:0c:29:e1:ec:3b,Broadcast,10.0.0.5,10.0.0.9,1127,80,1782078667,64,0,0,54,0,54,0,0.0,0.0,0,0,0.0,0.0,50,50,50,50,50,tcp,s0,-,0,Normal
00:0c:29:e1:ec:3b,Broadcast,10.0.0.9,10.0.0.5,53,1127,1782078667,64,0,0,42,0,42,0,0.0,0.0,0,0,0.0,0.0,50,50,50,50,50,udp,int,-,0,Normal
00:0c:29:e1:ec:3b,Broadcast,10.0.0.5,10.0.0.9,1128,80,1782078667,64,0,0,54,0,54,0,0.0,0.0,0,0,0.0,0.0,50,50,50,50,50,tcp,s0,-,0,Normal
00:0c:29:e1:ec:3b,Broadcast,10.0.0.9,10.0.0.5,53,1128,1782078667,64,0,0,42,0,42,0,0.0,0.0,0,0,0.0,0.0,50,50,50,50,50,udp,int,-,0,Normal
00:0c:29:e1:ec:3b,Broadcast,10.0.0.5,10.0.0.9,1129,80,1782078667,64,0,0,54,0,54,0,0.0,0.0,0,0,0.0,0.0,50,50,50,50,50,tcp,s0,-,0,Normal
00:0c:29:e1:ec:3b,Broadcast,10.0.0.9,10.0.0.5,53,1129,1782078667,64,0,0,42,0,42,0,0.0,0.0,0,0,0.0,0.0,50,50,50,50,50,udp,int,-,0,Normal
00:0c:29:e1:ec:3b,Broadcast,10.0.0.5,10.0.0.9,1130,80,1782078667,64,0,0,54,0,54,0,0.0,0.0,0,0,0.0,0.0,50,50,50,50,50,tcp,s0,-,0,Normal
00:0c:29:e1:ec:3b,Broadcast,10.0.0.9,10.0.0.5,53,1130,1782078667,64,0,0,42,0,42,0,0.0,0.0,0,0,0.0,0.0,50,50,50,50,50,udp,int,-,0,Normal
00:0c:29:e1:ec:3b,Broadcast,10.0.0.5,10.0.0.9,1131,80,1782078667,64,0,0,54,0,54,0,0.0,0.0,0,0,0.0,0.0,50,50,50,50,50,tcp,s0,-,0,Normal
00:0c:29:e1:ec:3b,Broadcast,10.0.0.9,10.0.0.5,53,1131,1782078667,64,0,0,42,0,42,0,0.0,0.0,0,0,0.0,0.0,50,50,50,50,50,udp,int,-,0,Normal
00:0c:29:e1:ec:3b,Broadcast,10.0.0.5,10.0.0.9,1132,80,1782078667,64,0,0,54,0,54,0,0.0,0.0,0,0,0.0,0.0,50,50,50,50,50,tcp,s0,-,0,Normal
00:0c:29:e1:ec:3b,Broadcast,10.0.0.9,10.0.0.5,53,1132,1782078667,64,0,0,42,0,42,0,0.0,0.0,0,0,0.0,0.0,50,50,50,50,50,udp,int,-,0,Normal
00:0c:29:e1:ec:3b,Broadcast,10.0.0.5,10.0.0.9,1133,80,1782078667,64,0,0,54,0,54,0,0.0,0.0,0,0,0.0,0.0,50,50,50,50,50,tcp,s0,-,0,Normal
00:0c:29:e1:ec:3b,Broadcast,10.0.0.9,10.0.0.5,53,1133,1782078667,64,0,0,42,0,42,0,0.0,0.0,0,0,0.0,0.0,50,50,50,50,50,udp,int,-,0,Normal
00:0c:29:e1:ec:3b,Broadcast,10.0.0.5,10.0.0.9,1134,80,1782078667,64,0,0,54,0,54,0,0.0,0.0,0,0,0.0,0.0,50,50,50,50,50,tcp,s0,-,0,Normal
00:0c:29:e1:ec:3b,Broadcast,10.0.0.9,10.0.0.5,53,1134,1782078667,64,0,0,42,0,42,0,0.0,0.0,0,0,0.0,0.0,50,50,50,50,50,udp,int,-,0,Normal
00:0c:29:e1:ec:3b,Broadcast,10.0.0.5,10.0.0.9,1135,80,1782078667,64,0,0,54,0,54,0,0.0,0.0,0,0,0.0,0.0,50,50,50,50,50,tcp,s0,-,0,Normal
00:0c:29:e1:ec:3b,Broadcast,10.0.0.9,10.0.0.5,53,1135,1782078667,64,0,0,42,0,42,0,0.0,0.0,0,0,0.0,0.0,50,50,50,50,50,udp,int,-,0,Normal
00:0c:29:e1:ec:3b,Broadcast,10.0.0.5,10.0.0.9,1136,80,1782078667,64,0,0,54,0,54,0,0.0,0.0,0,0,0.0,0.0,50,50,50,50,50,tcp,s0,-,0,Normal
00:0c:29:e1:ec:3b,Broadcast,10.0.0.9,10.0.0.5,53,1136,1782078667,64,0,0,42,0,42,0,0.0,0.0,0,0,0.0,0.0,50,50,50,50,50,udp,int,-,0,Normal
00:0c:29:e1:ec:3b,Broadcast,10.0.0.5,10.0.0.9,1137,80,1782078667,64,0,0,54,0,54,0,0.0,0.0,0,0,0.0,0.0,50,50,50,50,50,tcp,s0,-,0,Normal
00:0c:29:e1:ec:3b,Broadcast,10.0.0.9,10.0.0.5,53,1137,1782078667,64,0,0,42,0,42,0,0.0,0.0,0,0,0.0,0.0,50,50,50,50,50,udp,int,-,0,Normal
00:0c:29:e1:ec:3b,Broadcast,10.0.0.5,10.0.0.9,1138,80,1782078667,64,0,0,54,0,54,0,0.0,0.0,0,0,0.0,0.0,50,50,50,50,50,tcp,s0,-,0,Normal
00:0c:29:e1:ec:3b,Broadcast,10.0.0.9,10.0.0.5,53,1138,1782078667,64,0,0,42,0,42,0,0.0,0.0,0,0,0.0,0.0,50,50,50,50,50,udp,int,-,0,Normal
00:0c:29:e1:ec:3b,Broadcast,10.0.0.5,10.0.0.9,1139,80,1782078667,64,0,0,54,0,54,0,0.0,0.0,0,0,0.0,0.0,50,50,50,50,50,tcp,s0,-,0,Normal
00:0c:29:e1:ec:3b,Broadcast,10.0.0.9,10.0.0.5,53,1139,1782078667,64,0,0,42,0,42,0,0.0,0.0,0,0,0.0,0.0,50,50,50,50,50,udp,int,-,0,Normal
00:0c:29:e1:ec:3b,Broadcast,10.0.0.5,10.0.0.9,1140,80,1782078667,64,0,0,54,0,54,0,0.0,0.0,0,0,0.0,0.0,50,50,50,50,50,tcp,s0,-,0,Normal
00:0c:29:e1:ec:3b,Broadcast,10.0.0.9,10.0.0.5,53,1140,1782078667,64,0,0,42,0,42,0,0.0,0.0,0,0,0.0,0.0,50,50,50,50,50,udp,int,-,0,Normal
00:0c:29:e1:ec:3b,Broadcast,10.0.0.5,10.0.0.9,1141,80,1782078667,64,0,0,54,0,54,0,0.0,0.0,0,0,0.0,0.0,50,50,50,50,50,tcp,s0,-,0,Normal
00:0c:29:e1:ec:3b,Broadcast,10.0.0.9,10.0.0.5,53,1141,1782078667,64,0,0,42,0,42,0,0.0,0.0,0,0,0.0,0.0,50,50,50,50,50,udp,int,-,0,Normal
00:0c:29:e1:ec:3b,Broadcast,10.0.0.5,10.0.0.9,1142,80,1782078667,64,0,0,54,0,54,0,0.0,0.0,0,0,0.0,0.0,50,50,50,50,50,tcp,s0,-,0,Normal
00:0c:29:e1:ec:3b,Broadcast,10.0.0.9,10.0.0.5,53,1142,1782078667,64,0,0,42,0,42,0,0.0,0.0,0,0,0.0,0.0,50,50,50,50,50,udp,int,-,0,Normal
00:0c:29:e1:ec:3b,Broadcast,10.0.0.5,10.0.0.9,1143,80,1782078667,64,0,0,54,0,54,0,0.0,0.0,0,0,0.0,0.0,50,50,50,50,50,tcp,s0,-,0,Normal
00:0c:29:e1:ec:3b,Broadcast,10.0.0.9,10.0.0.5,53,1143,1782078667,64,0,0,42,0,42,0,0.0,0.0,0,0,0.0,0.0,50,50,50,50,50,udp,int,-,0,Normal
00:0c:29:e1:ec:3b,Broadcast,10.0.0.5,10.0.0.9,1144,80,1782078667,64,0,0,54,0,54,0,0.0,0.0,0,0,0.0,0.0,50,50,50,50,50,tcp,s0,-,0,Normal
00:0c:29:e1:ec:3b,Broadcast,10.0.0.9,10.0.0.5,53,1144,1782078667,64,0,0,42,0,42,0,0.0,0.0,0,0,0.0,0.0,50,50,50,50,50,udp,int,-,0,Normal
00:0c:29:e1:ec:3b,Broadcast,10.0.0.5,10.0.0.9,1145,80,1782078667,64,0,0,54,0,54,0,0.0,0.0,0,0,0.0,0.0,50,50,50,50,50,tcp,s0,-,0,Normal
00:0c:29:e1:ec:3b,Broadcast,10.0.0.9,10.0.0.5,53,1145,1782078667,64,0,0,42,0,42,0,0.0,0.0,0,0,0.0,0.0,50,50,50,50,50,udp,int,-,0,Normal
00:0c:29:e1:ec:3b,Broadcast,10.0.0.5,10.0.0.9,1146,80,1782078667,64,0,0,54,0,54,0,0.0,0.0,0,0,0.0,0.0,50,50,50,50,50,tcp,s0,-,0,Normal
00:0c:29:e1:ec:3b,Broadcast,10.0.0.9,10.0.0.5,53,1146,1782078667,64,0,0,42,0,42,0,0.0,0.0,0,0,0.0,0.0,50,50,50,50,50,udp,int,-,0,Normal
00:0c:29:e1:ec:3b,Broadcast,10.0.0.5,10.0.0.9,1147,80,1782078667,64,0,0,54,0,54,0,0.0,0.0,0,0,0.0,0.0,50,50,50,50,50,tcp,s0,-,0,Normal
00:0c:29:e1:ec:3b,Broadcast,10.0.0.9,10.0.0.5,53,1147,1782078667,64,0,0,42,0,42,0,0.0,0.0,0,0,0.0,0.0,50,50,50,50,50,udp,int,-,0,Normal
00:0c:29:e1:ec:3b,Broadcast,10.0.0.5,10.0.0.9,1148,80,1782078667,64,0,0,54,0,54,0,0.0,0.0,0,0,0.0,0.0,50,50,50,50,50,tcp,s0,-,0,Normal
00:0c:29:e1:ec:3b,Broadcast,10.0.0.9,10.0.0.5,53,1148,1782078667,64,0,0,42,0,42,0,0.0,0.0,0,0,0.0,0.0,50,50,50,50,50,udp,int,-,0,Normal
00:0c:29:e1:ec:3b,Broadcast,10.0.0.5,10.0.0.9,1149,80,1782078667,64,0,0,54,0,54,0,0.0,0.0,0,0,0.0,0.0,50,50,50,50,50,tcp,s0,-,0,Normal
00:0c:29:e1:ec:3b,Broadcast,10.0.0.9,10.0.0.5,53,1149,1782078667,64,0,0,42,0,42,0,0.0,0.0,0,0,0.0,0.0,50,50,50,50,50,udp,int,-,0,Normal
00:0c:29:e1:ec:3b,Broadcast,10.0.0.5,10.0.0.9,1150,80,1782078667,64,0,0,54,0,54,0,0.0,0.0,0,0,0.0,0.0,50,50,50,50,50,tcp,s0,-,0,Normal
00:0c:29:e1:ec:3b,Broadcast,10.0.0.9,10.0.0.5,53,1150,1782078667,64,0,0,42,0,42,0,0.0,0.0,0,0,0.0,0.0,50,50,50,50,50,udp,int,-,0,Normal
00:0c:29:e1:ec:3b,Broadcast,10.0.0.5,10.0.0.9,1151,80,1782078667,64,0,0,54,0,54,0,0.0,0.0,0,0,0.0,0.0,50,50,50,50,50,tcp,s0,-,0,Normal
00:0c:29:e1:ec:3b,Broadcast,10.0.0.9,10.0.0.5,53,1151,1782078667,64,0,0,42,0,42,0,0.0,0.0,0,0,0.0,0.0,50,50,50,50,50,udp,int,-,0,Normal
00:0c:29:e1:ec:3b,Broadcast,10.0.0.5,10.0.0.9,1152,80,1782078667,64,0,0,54,0,54,0,0.0,0.0,0,0,0.0,0.0,50,50,50,50,50,tcp,s0,-,0,Normal
00:0c:29:e1:ec:3b,Broadcast,10.0.0.9,10.0.0.5,53,1152,1782078667,64,0,0,42,0,42,0,0.0,0.0,0,0,0.0,0.0,50,50,50,50,50,udp,int,-,0,Normal
00:0c:29:e1:ec:3b,Broadcast,10.0.0.5,10.0.0.9,1153,80,1782078667,64,0,0,54,0,54,0,0.0,0.0,0,0,0.0,0.0,50,50,50,50,50,tcp,s0,-,0,Normal
00:0c:29:e1:ec:3b,Broadcast,10.0.0.9,10.0.0.5,53,1153,1782078667,64,0,0,42,0,42,0,0.0,0.0,0,0,0.0,0.0,50,50,50,50,50,udp,int,-,0,Normal
00:0c:29:e1:ec:3b,Broadcast,10.0.0.5,10.0.0.9,1154,80,1782078667,64,0,0,54,0,54,0,0.0,0.0,0,0,0.0,0.0,50,50,50,50,50,tcp,s0,-,0,Normal
00:0c:29:e1:ec:3b,Broadcast,10.0.0.9,10.0.0.5,53,1154,1782078667,64,0,0,42,0,42,0,0.0,0.0,0,0,0.0,0.0,50,50,50,50,50,udp,int,-,0,Normal
00:0c:29:e1:ec:3b,Broadcast,10.0.0.5,10.0.0.9,1155,80,1782078667,64,0,0,54,0,54,0,0.0,0.0,0,0,0.0,0.0,50,50,50,50,50,tcp,s0,-,0,Normal
00:0c:29:e1:ec:3b,Broadcast,10.0.0.9,10.0.0.5,53,1155,1782078667,64,0,0,42,0,42,0,0.0,0.0,0,0,0.0,0.0,50,50,50,50,50,udp,int,-,0,Normal
00:0c:29:e1:ec:3b,Broadcast,10.0.0.5,10.0.0.9,1156,80,1782078667,64,0,0,54,0,54,0,0.0,0.0,0,0,0.0,0.0,50,50,50,50,50,tcp,s0,-,0,Normal
00:0c:29:e1:ec:3b,Broadcast,10.0.0.9,10.0.0.5,53,1156,1782078667,64,0,0,42,0,42,0,0.0,0.0,0,0,0.0,0.0,50,50,50,50,50,udp,int,-,0,Normal
00:0c:29:e1:ec:3b,Broadcast,10.0.0.5,10.0.0.9,1157,80,1782078667,64,0,0,54,0,54,0,0.0,0.0,0,0,0.0,0.0,50,50,50,50,50,tcp,s0,-,0,Normal
00:0c:29:e1:ec:3b,Broadcast,10.0.0.9,10.0.0.5,53,1157,1782078667,64,0,0,42,0,42,0,0.0,0.0,0,0,0.0,0.0,50,50,50,50,50,udp,int,-,0,Normal
00:0c:29:e1:ec:3b,Broadcast,10.0.0.5,10.0.0.9,1158,80,1782078667,64,0,0,54,0,54,0,0.0,0.0,0,0,0.0,0.0,50,50,50,50,50,tcp,s0,-,0,Normal
00:0c:29:e1:ec:3b,Broadcast,10.0.0.9,10.0.0.5,53,1158,1782078667,64,0,0,42,0,42,0,0.0,0.0,0,0,0.0,0.0,50,50,50,50,50,udp,int,-,0,Normal
00:0c:29:e1:ec:3b,Broadcast,10.0.0.5,10.0.0.9,1159,80,1782078667,64,0,0,54,0,54,0,0.0,0.0,0,0,0.0,0.0,50,50,50,50,50,tcp,s0,-,0,Normal
00:0c:29:e1:ec:3b,Broadcast,10.0.0.9,10.0.0.5,53,1159,1782078667,64,0,0,42,0,42,0,0.0,0.0,0,0,0.0,0.0,50,50,50,50,50,udp,int,-,0,Normal
00:0c:29:e1:ec:3b,Broadcast,10.0.0.5,10.0.0.9,1160,80,1782078667,64,0,0,54,0,54,0,0.0,0.0,0,0,0.0,0.0,50,50,50,50,50,tcp,s0,-,0,Normal
00:0c:29:e1:ec:3b,Broadcast,10.0.0.9,10.0.0.5,53,1160,1782078667,64,0,0,42,0,42,0,0.0,0.0,0,0,0.0,0.0,50,50,50,50,50,udp,int,-,0,Normal
00:0c:29:e1:ec:3b,Broadcast,10.0.0.5,10.0.0.9,1161,80,1782078667,64,0,0,54,0,54,0,0.0,0.0,0,0,0.0,0.0,50,50,50,50,50,tcp,s0,-,0,Normal
00:0c:29:e1:ec:3b,Broadcast,10.0.0.9,10.0.0.5,53,1161,1782078667,64,0,0,42,0,42,0,0.0,0.0,0,0,0.0,0.0,50,50,50,50,50,udp,int,-,0,Normal
00:0c:29:e1:ec:3b,Broadcast,10.0.0.5,10.0.0.9,1162,80,1782078667,64,0,0,54,0,54,0,0.0,0.0,0,0,0.0,0.0,50,50,50,50,50,tcp,s0,-,0,Normal
00:0c:29:e1:ec:3b,Broadcast,10.0.0.9,10.0.0.5,53,1162,1782078667,64,0,0,42,0,42,0,0.0,0.0,0,0,0.0,0.0,50,50,50,50,50,udp,int,-,0,Normal
00:0c:29:e1:ec:3b,Broadcast,10.0.0.5,10.0.0.9,1163,80,1782078667,64,0,0,54,0,54,0,0.0,0.0,0,0,0.0,0.0,50,50,50,50,50,tcp,s0,-,0,Normal
00:0c:29:e1:ec:3b,Broadcast,10.0.0.9,10.0.0.5,53,1163,1782078667,64,0,0,42,0,42,0,0.0,0.0,0,0,0.0,0.0,50,50,50,50,50,udp,int,-,0,Normal
00:0c:29:e1:ec:3b,Broadcast,10.0.0.5,10.0.0.9,1164,80,1782078667,64,0,0,54,0,54,0,0.0,0.0,0,0,0.0,0.0,50,50,50,50,50,tcp,s0,-,0,Normal
00:0c:29:e1:ec:3b,Broadcast,10.0.0.9,10.0.0.5,53,1164,1782078667,64,0,0,42,0,42,0,0.0,0.0,0,0,0.0,0.0,50,50,50,50,50,udp,int,-,0,Normal
00:0c:29:e1:ec:3b,Broadcast,10.0.0.5,10.0.0.9,1165,80,1782078667,64,0,0,54,0,54,0,0.0,0.0,0,0,0.0,0.0,50,50,50,50,50,tcp,s0,-,0,Normal
00:0c:29:e1:ec:3b,Broadcast,10.0.0.9,10.0.0.5,53,1165,1782078667,64,0,0,42,0,42,0,0.0,0.0,0,0,0.0,0.0,50,50,50,50,50,udp,int,-,0,Normal
00:0c:29:e1:ec:3b,Broadcast,10.0.0.5,10.0.0.9,1166,80,1782078667,64,0,0,54,0,54,0,0.0,0.0,0,0,0.0,0.0,50,50,50,50,50,tcp,s0,-,0,Normal
00:0c:29:e1:ec:3b,Broadcast,10.0.0.9,10.0.0.5,53,1166,1782078667,64,0,0,42,0,42,0,0.0,0.0,0,0,0.0,0.0,50,50,50,50,50,udp,int,-,0,Normal
00:0c:29:e1:ec:3b,Broadcast,10.0.0.5,10.0.0.9,1167,80,1782078667,64,0,0,54,0,54,0,0.0,0.0,0,0,0.0,0.0,50,50,50,50,50,tcp,s0,-,0,Normal
00:0c:29:e1:ec:3b,Broadcast,10.0.0.9,10.0.0.5,53,1167,1782078667,64,0,0,42,0,42,0,0.0,0.0,0,0,0.0,0.0,50,50,50,50,50,udp,int,-,0,Normal
00:0c:29:e1:ec:3b,Broadcast,10.0.0.5,10.0.0.9,1168,80,1782078667,64,0,0,54,0,54,0,0.0,0.0,0,0,0.0,0.0,50,50,50,50,50,tcp,s0,-,0,Normal
00:0c:29:e1:ec:3b,Broadcast,10.0.0.9,10.0.0.5,53,1168,1782078667,64,0,0,42,0,42,0,0.0,0.0,0,0,0.0,0.0,50,50,50,50,50,udp,int,-,0,Normal
00:0c:29:e1:ec:3b,Broadcast,10.0.0.5,10.0.0.9,1169,80,1782078667,64,0,0,54,0,54,0,0.0,0.0,0,0,0.0,0.0,50,50,50,50,50,tcp,s0,-,0,Normal
00:0c:29:e1:ec:3b,Broadcast,10.0.0.9,10.0.0.5,53,1169,1782078667,64,0,0,42,0,42,0,0.0,0.0,0,0,0.0,0.0,50,50,50,50,50,udp,int,-,0,Normal
00:0c:29:e1:ec:3b,Broadcast,10.0.0.5,10.0.0.9,1170,80,1782078667,64,0,0,54,0,54,0,0.0,0.0,0,0,0.0,0.0,50,50,50,50,50,tcp,s0,-,0,Normal
00:0c:29:e1:ec:3b,Broadcast,10.0.0.9,10.0.0.5,53,1170,1782078667,64,0,0,42,0,42,0,0.0,0.0,0,0,0.0,0.0,50,50,50,50,50,udp,int,-,0,Normal
00:0c:29:e1:ec:3b,Broadcast,10.0.0.5,10.0.0.9,1171,80,1782078667,64,0,0,54,0,54,0,0.0,0.0,0,0,0.0,0.0,50,50,50,50,50,tcp,s0,-,0,Normal
00:0c:29:e1:ec:3b,Broadcast,10.0.0.9,10.0.0.5,53,1171,1782078667,64,0,0,42,0,42,0,0.0,0.0,0,0,0.0,0.0,50,50,50,50,50,udp,int,-,0,Normal
00:0c:29:e1:ec:3b,Broadcast,10.0.0.5,10.0.0.9,1172,80,1782078667,64,0,0,54,0,54,0,0.0,0.0,0,0,0.0,0.0,50,50,50,50,50,tcp,s0,-,0,Normal
00:0c:29:e1:ec:3b,Broadcast,10.0.0.9,10.0.0.5,53,1172,1782078667,64,0,0,42,0,42,0,0.0,0.0,0,0,0.0,0.0,50,50,50,50,50,udp,int,-,0,Normal
00:0c:29:e1:ec:3b,Broadcast,10.0.0.5,10.0.0.9,1173,80,1782078667,64,0,0,54,0,54,0,0.0,0.0,0,0,0.0,0.0,50,50,50,50,50,tcp,s0,-,0,Normal
00:0c:29:e1:ec:3b,Broadcast,10.0.0.9,10.0.0.5,53,1173,1782078667,64,0,0,42,0,42,0,0.0,0.0,0,0,0.0,0.0,50,50,50,50,50,udp,int,-,0,Normal
00:0c:29:e1:ec:3b,Broadcast,10.0.0.5,10.0.0.9,1174,80,1782078667,64,0,0,54,0,54,0,0.0,0.0,0,0,0.0,0.0,50,50,50,50,50,tcp,s0,-,0,Normal
00:0c:29:e1:ec:3b,Broadcast,10.0.0.9,10.0.0.5,53,1174,1782078667,64,0,0,42,0,42,0,0.0,0.0,0,0,0.0,0.0,50,50,50,50,50,udp,int,-,0,Normal
00:0c:29:e1:ec:3b,Broadcast,10.0.0.5,10.0.0.9,1175,80,1782078667,64,0,0,54,0,54,0,0.0,0.0,0,0,0.0,0.0,50,50,50,50,50,tcp,s0,-,0,Normal
00:0c:29:e1:ec:3b,Broadcast,10.0.0.9,10.0.0.5,53,1175,1782078667,64,0,0,42,0,42,0,0.0,0.0,0,0,0.0,0.0,50,50,50,50,50,udp,int,-,0,Normal
00:0c:29:e1:ec:3b,Broadcast,10.0.0.5,10.0.0.9,1176,80,1782078667,64,0,0,54,0,54,0,0.0,0.0,0,0,0.0,0.0,50,50,50,50,50,tcp,s0,-,0,Normal
00:0c:29:e1:ec:3b,Broadcast,10.0.0.9,10.0.0.5,53,1176,1782078667,64,0,0,42,0,42,0,0.0,0.0,0,0,0.0,0.0,50,50,50,50,50,udp,int,-,0,Normal
00:0c:29:e1:ec:3b,Broadcast,10.0.0.5,10.0.0.9,1177,80,1782078667,64,0,0,54,0,54,0,0.0,0.0,0,0,0.0,0.0,50,50,50,50,50,tcp,s0,-,0,Normal
00:0c:29:e1:ec:3b,Broadcast,10.0.0.9,10.0.0.5,53,1177,1782078667,64,0,0,42,0,42,0,0.0,0.0,0,0,0.0,0.0,50,50,50,50,50,udp,int,-,0,Normal
00:0c:29:e1:ec:3b,Broadcast,10.0.0.5,10.0.0.9,1178,80,1782078667,64,0,0,54,0,54,0,0.0,0.0,0,0,0.0,0.0,50,50,50,50,50,tcp,s0,-,0,Normal
00:0c:29:e1:ec:3b,Broadcast,10.0.0.9,10.0.0.5,53,1178,1782078667,64,0,0,42,0,42,0,0.0,0.0,0,0,0.0,0.0,50,50,50,50,50,udp,int,-,0,Normal
00:0c:29:e1:ec:3b,Broadcast,10.0.0.5,10.0.0.9,1179,80,1782078667,64,0,0,54,0,54,0,0.0,0.0,0,0,0.0,0.0,50,50,50,50,50,tcp,s0,-,0,Normal
00:0c:29:e1:ec:3b,Broadcast,10.0.0.9,10.0.0.5,53,1179,1782078667,64,0,0,42,0,42,0,0.0,0.0,0,0,0.0,0.0,50,50,50,50,50,udp,int,-,0,Normal
00:0c:29:e1:ec:3b,Broadcast,10.0.0.5,10.0.0.9,1180,80,1782078667,64,0,0,54,0,54,0,0.0,0.0,0,0,0.0,0.0,50,50,50,50,50,tcp,s0,-,0,Normal
00:0c:29:e1:ec:3b,Broadcast,10.0.0.9,10.0.0.5,53,1180,1782078667,64,0,0,42,0,42,0,0.0,0.0,0,0,0.0,0.0,50,50,50,50,50,udp,int,-,0,Normal
00:0c:29:e1:ec:3b,Broadcast,10.0.0.5,10.0.0.9,1181,80,1782078667,64,0,0,54,0,54,0,0.0,0.0,0,0,0.0,0.0,50,50,50,50,50,tcp,s0,-,0,Normal
00:0c:29:e1:ec:3b,Broadcast,10.0.0.9,10.0.0.5,53,1181,1782078667,64,0,0,42,0,42,0,0.0,0.0,0,0,0.0,0.0,50,50,50,50,50,udp,int,-,0,Normal
00:0c:29:e1:ec:3b,Broadcast,10.0.0.5,10.0.0.9,1182,80,1782078667,64,0,0,54,0,54,0,0.0,0.0,0,0,0.0,0.0,50,50,50,50,50,tcp,s0,-,0,Normal
00:0c:29:e1:ec:3b,Broadcast,10.0.0.9,10.0.0.5,53,1182,1782078667,64,0,0,42,0,42,0,0.0,0.0,0,0,0.0,0.0,50,50,50,50,50,udp,int,-,0,Normal
00:0c:29:e1:ec:3b,Broadcast,10.0.0.5,10.0.0.9,1183,80,1782078667,64,0,0,54,0,54,0,0.0,0.0,0,0,0.0,0.0,50,50,50,50,50,tcp,s0,-,0,Normal
00:0c:29:e1:ec:3b,Broadcast,10.0.0.9,10.0.0.5,53,1183,1782078667,64,0,0,42,0,42,0,0.0,0.0,0,0,0.0,0.0,50,50,50,50,50,udp,int,-,0,Normal
00:0c:29:e1:ec:3b,Broadcast,10.0.0.5,10.0.0.9,1184,80,1782078667,64,0,0,54,0,54,0,0.0,0.0,0,0,0.0,0.0,50,50,50,50,50,tcp,s0,-,0,Normal
00:0c:29:e1:ec:3b,Broadcast,10.0.0.9,10.0.0.5,53,1184,1782078667,64,0,0,42,0,42,0,0.0,0.0,0,0,0.0,0.0,50,50,50,50,50,udp,int,-,0,Normal
00:0c:29:e1:ec:3b,Broadcast,10.0.0.5,10.0.0.9,1185,80,1782078667,64,0,0,54,0,54,0,0.0,0.0,0,0,0.0,0.0,50,50,50,50,50,tcp,s0,-,0,Normal
00:0c:29:e1:ec:3b,Broadcast,10.0.0.9,10.0.0.5,53,1185,1782078667,64,0,0,42,0,42,0,0.0,0.0,0,0,0.0,0.0,50,50,50,50,50,udp,int,-,0,Normal
00:0c:29:e1:ec:3b,Broadcast,10.0.0.5,10.0.0.9,1186,80,1782078667,64,0,0,54,0,54,0,0.0,0.0,0,0,0.0,0.0,50,50,50,50,50,tcp,s0,-,0,Normal
00:0c:29:e1:ec:3b,Broadcast,10.0.0.9,10.0.0.5,53,1186,1782078667,64,0,0,42,0,42,0,0.0,0.0,0,0,0.0,0.0,50,50,50,50,50,udp,int,-,0,Normal
00:0c:29:e1:ec:3b,Broadcast,10.0.0.5,10.0.0.9,1187,80,1782078667,64,0,0,54,0,54,0,0.0,0.0,0,0,0.0,0.0,50,50,50,50,50,tcp,s0,-,0,Normal
00:0c:29:e1:ec:3b,Broadcast,10.0.0.9,10.0.0.5,53,1187,1782078667,64,0,0,42,0,42,0,0.0,0.0,0,0,0.0,0.0,50,50,50,50,50,udp,int,-,0,Normal
00:0c:29:e1:ec:3b,Broadcast,10.0.0.5,10.0.0.9,1188,80,1782078667,64,0,0,54,0,54,0,0.0,0.0,0,0,0.0,0.0,50,50,50,50,50,tcp,s0,-,0,Normal
00:0c:29:e1:ec:3b,Broadcast,10.0.0.9,10.0.0.5,53,1188,1782078667,64,0,0,42,0,42,0,0.0,0.0,0,0,0.0,0.0,50,50,50,50,50,udp,int,-,0,Normal
00:0c:29:e1:ec:3b,Broadcast,10.0.0.5,10.0.0.9,1189,80,1782078667,64,0,0,54,0,54,0,0.0,0.0,0,0,0.0,0.0,50,50,50,50,50,tcp,s0,-,0,Normal
00:0c:29:e1:ec:3b,Broadcast,10.0.0.9,10.0.0.5,53,1189,1782078667,64,0,0,42,0,42,0,0.0,0.0,0,0,0.0,0.0,50,50,50,50,50,udp,int,-,0,Normal
00:0c:29:e1:ec:3b,Broadcast,10.0.0.5,10.0.0.9,1190,80,1782078667,64,0,0,54,0,54,0,0.0,0.0,0,0,0.0,0.0,50,50,50,50,50,tcp,s0,-,0,Normal
00:0c:29:e1:ec:3b,Broadcast,10.0.0.9,10.0.0.5,53,1190,1782078667,64,0,0,42,0,42,0,0.0,0.0,0,0,0.0,0.0,50,50,50,50,50,udp,int,-,0,Normal
00:0c:29:e1:ec:3b,Broadcast,10.0.0.5,10.0.0.9,1191,80,1782078667,64,0,0,54,0,54,0,0.0,0.0,0,0,0.0,0.0,50,50,50,50,50,tcp,s0,-,0,Normal
00:0c:29:e1:ec:3b,Broadcast,10.0.0.9,10.0.0.5,53,1191,1782078667,64,0,0,42,0,42,0,0.0,0.0,0,0,0.0,0.0,50,50,50,50,50,udp,int,-,0,Normal
00:0c:29:e1:ec:3b,Broadcast,10.0.0.5,10.0.0.9,1192,80,1782078667,64,0,0,54,0,54,0,0.0,0.0,0,0,0.0,0.0,50,50,50,50,50,tcp,s0,-,0,Normal
00:0c:29:e1:ec:3b,Broadcast,10.0.0.9,10.0.0.5,53,1192,1782078667,64,0,0,42,0,42,0,0.0,0.0,0,0,0.0,0.0,50,50,50,50,50,udp,int,-,0,Normal
00:0c:29:e1:ec:3b,Broadcast,10.0.0.5,10.0.0.9,1193,80,1782078667,64,0,0,54,0,54,0,0.0,0.0,0,0,0.0,0.0,50,50,50,50,50,tcp,s0,-,0,Normal
00:0c:29:e1:ec:3b,Broadcast,10.0.0.9,10.0.0.5,53,1193,1782078667,64,0,0,42,0,42,0,0.0,0.0,0,0,0.0,0.0,50,50,50,50,50,udp,int,-,0,Normal
00:0c:29:e1:ec:3b,Broadcast,10.0.0.5,10.0.0.9,1194,80,1782078667,64,0,0,54,0,54,0,0.0,0.0,0,0,0.0,0.0,50,50,50,50,50,tcp,s0,-,0,Normal
00:0c:29:e1:ec:3b,Broadcast,10.0.0.9,10.0.0.5,53,1194,1782078667,64,0,0,42,0,42,0,0.0,0.0,0,0,0.0,0.0,50,50,50,50,50,udp,int,-,0,Normal
00:0c:29:e1:ec:3b,Broadcast,10.0.0.5,10.0.0.9,1195,80,1782078667,64,0,0,54,0,54,0,0.0,0.0,0,0,0.0,0.0,50,50,50,50,50,tcp,s0,-,0,Normal
00:0c:29:e1:ec:3b,Broadcast,10.0.0.9,10.0.0.5,53,1195,1782078667,64,0,0,42,0,42,0,0.0,0.0,0,0,0.0,0.0,50,50,50,50,50,udp,int,-,0,Normal
00:0c:29:e1:ec:3b,Broadcast,10.0.0.5,10.0.0.9,1196,80,1782078667,64,0,0,54,0,54,0,0.0,0.0,0,0,0.0,0.0,50,50,50,50,50,tcp,s0,-,0,Normal
00:0c:29:e1:ec:3b,Broadcast,10.0.0.9,10.0.0.5,53,1196,1782078667,64,0,0,42,0,42,0,0.0,0.0,0,0,0.0,0.0,50,50,50,50,50,udp,int,-,0,Normal
00:0c:29:e1:ec:3b,Broadcast,10.0.0.5,10.0.0.9,1197,80,1782078667,64,0,0,54,0,54,0,0.0,0.0,0,0,0.0,0.0,50,50,50,50,50,tcp,s0,-,0,Normal
00:0c:29:e1:ec:3b,Broadcast,10.0.0.9,10.0.0.5,53,1197,1782078667,64,0,0,42,0,42,0,0.0,0.0,0,0,0.0,0.0,50,50,50,50,50,udp,int,-,0,Normal
00:0c:29:e1:ec:3b,Broadcast,10.0.0.5,10.0.0.9,1198,80,1782078667,64,0,0,54,0,54,0,0.0,0.0,0,0,0.0,0.0,50,50,50,50,50,tcp,s0,-,0,Normal
00:0c:29:e1:ec:3b,Broadcast,10.0.0.9,10.0.0.5,53,1198,1782078667,64,0,0,42,0,42,0,0.0,0.0,0,0,0.0,0.0,50,50,50,50,50,udp,int,-,0,Normal
00:0c:29:e1:ec:3b,Broadcast,10.0.0.5,10.0.0.9,1199,80,1782078667,64,0,0,54,0,54,0,0.0,0.0,0,0,0.0,0.0,50,50,50,50,50,tcp,s0,-,0,Normal
00:0c:29:e1:ec:3b,Broadcast,10.0.0.9,10.0.0.5,53,1199,1782078667,64,0,0,42,0,42,0,0.0,0.0,0,0,0.0,0.0,50,50,50,50,50,udp,int,-,0,Normal
